experiences,salary_range
1-3年,8K-15K
不限,8K-16K
不限,4K-6K
1-3年,7K-14K
不限,8K-16K
不限,4K-6K
不限,4K-6K
3-5年,8K-16K
无经验,4K-6K
不限,8K-16K
不限,6K-8K
不限,4K-6K
不限,4K-6K
不限,4K-6K
不限,4K-6K
不限,4K-6K
不限,6K-8K
不限,4K-6K
不限,6K-8K
不限,4K-6K
不限,6K-8K
不限,4K-6K
不限,4K-6K
不限,4K-6K
不限,4K-6K
不限,4K-6K
不限,4K-6K
不限,6K-8K
不限,6K-8K
不限,6K-8K
不限,2K-4K
不限,8K-10K
不限,4K-6K
1-3年,薪资面议
1-3年,薪资面议
不限,6K-8K
不限,15K-20K
不限,4K-6K
不限,6K-8K
1-3年,薪资面议
3-5年,薪资面议
不限,6K-8K
不限,6K-8K
1-3年,6K-8K
3-5年,10K-15K
不限,6K-8K
不限,6K-8K
无经验,2K-4K
不限,8K-12K
不限,4K-6K
3-5年,10K-20K
不限,50K-70K
不限,6K-8K
不限,8K-15K
3-5年,8.5K-15K
1-3年,7K-12K
3-5年,8K-15K
不限,8K-10K
3-5年,10K-15K
不限,8K-10K
不限,8K-10K
1-3年,7K-12K
1年以下,6K-9K
不限,4K-6K
1-3年,10K-15K
1-3年,10K-15K
3-5年,8K-15K
不限,4K-6K
不限,15K-20K
不限,4K-6K
不限,2K-4K
3-5年,8K-10K
1-3年,4K-8K
3-5年,20K-30K
1-3年,薪资面议
不限,4K-6K
不限,4K-6K
1-3年,薪资面议
不限,薪资面议
不限,4K-6K
5-10年,8K-12K
3-5年,10K-15K
不限,15K-20K
不限,6K-8K
1-3年,薪资面议
不限,8K-12K
3-5年,10K-15K
3-5年,10K-20K
3-5年,10K-15K
3-5年,15K-25K
不限,4K-6K
1-3年,薪资面议
1-3年,10K-20K
3-5年,薪资面议
1-3年,3K-6K
不限,4.5K-8K
3-5年,6K-8K
不限,4K-8K
不限,10K-20K
1-3年,3.5K-7K
1-3年,3.5K-7K
不限,4.5K-8K
无经验,2.8K-4K
1-3年,6K-8K
不限,3K-4.5K
3-5年,8K-15K
无经验,3K-4K
不限,2.5K-3.5K
1-3年,15K-25K
无经验,薪资面议
不限,4K-8K
1-3年,8K-10K
无经验,6K-8K
1-3年,7K-12K
1-3年,10K-15K
1-3年,7K-10K
3-5年,10K-15K
3-5年,10K-20K
1-3年,薪资面议
3-5年,8K-11K
3-5年,8K-11K
1-3年,12K-20K
无经验,2K-4K
1-3年,6K-12K
3-5年,10K-15K
3-5年,13K-26K
3-5年,12K-24K
5-10年,15K-25K
不限,4K-8K
1-3年,8K-10K
不限,3K-6K
不限,5K-10K
不限,15K-30K
3-5年,10K-15K
无经验,4K-6K
无经验,3.5K-6K
不限,4K-6K
1-3年,8K-15K
不限,6K-12K
3-5年,10K-15K
3-5年,10K-15K
无经验,4K-6K
无经验,3.5K-6K
不限,4K-6K
1-3年,8K-15K
不限,6K-12K
3-5年,10K-15K
3-5年,20K-30K
1-3年,6K-8K
1-3年,8K-10K
1-3年,8K-10K
不限,2K-4K
3-5年,10K-15K
1-3年,7K-11K
3-5年,15K-16K
不限,8K-15K
1-3年,15K-20K
1-3年,6K-10K
5-10年,15K-30K
1-3年,15K-30K
1-3年,6K-10K
5-10年,15K-30K
1-3年,15K-30K
不限,4K-6K
3-5年,15K-30K
1-3年,15K-30K
1-3年,4K-8K
1-3年,6K-10K
5-10年,10K-15K
1-3年,9K-18K
3-5年,4K-8K
无经验,4K-6K
3-5年,8K-10K
不限,10K-20K
1-3年,7K-12K
无经验,2K-4K
1-3年,9K-15K
不限,8K-16K
5-10年,15K-25K
3-5年,6K-12K
3-5年,15K-30K
不限,8K-10K
3-5年,5K-10K
1-3年,8K-10K
1-3年,5K-10K
3-5年,10K-15K
3-5年,6K-10K
3-5年,7K-12K
3-5年,10K-14K
5-10年,10K-20K
3-5年,6K-12K
3-5年,8K-15K
3-5年,10K-15K
1-3年,12K-18K
3-5年,15K-25K
5-10年,20K-30K
1-3年,4K-8K
3-5年,14K-18K
1-3年,7K-12K
1-3年,7K-12K
1-3年,10K-18K
3-5年,10K-15K
1-3年,8K-15K
1-3年,6K-8K
不限,8K-15K
1-3年,10K-15K
5-10年,15K-20K
3-5年,15K-25K
不限,2.5K-4K
3-5年,15K-20K
5-10年,15K-30K
1-3年,8K-15K
1-3年,7K-14K
3-5年,6K-10K
不限,10K-15K
1-3年,8K-10K
1年以下,7K-12K
5-10年,20K-30K
1-3年,4K-6K
1-3年,4K-6K
3-5年,8K-15K
1-3年,6K-12K
不限,9K-15K
3-5年,10K-15K
1-3年,10K-15K
5-10年,15K-20K
1-3年,6K-8K
3-5年,7K-14K
3-5年,4K-8K
不限,6K-8K
3-5年,10K-15K
不限,10K-15K
3-5年,20K-30K
3-5年,8K-10K
1-3年,10K-15K
3-5年,9K-12K
1-3年,5K-8K
3-5年,4K-8K
3-5年,4K-8K
3-5年,4K-8K
不限,6K-8K
3-5年,10K-15K
不限,10K-15K
3-5年,20K-30K
3-5年,8K-10K
1-3年,10K-15K
3-5年,9K-12K
1-3年,5K-8K
3-5年,4K-8K
3-5年,4K-8K
3-5年,5K-10K
1-3年,6K-10K
不限,10K-15K
3-5年,10K-14K
3-5年,10K-15K
3-5年,15K-25K
1-3年,4K-8K
3-5年,10K-20K
1-3年,4K-6K
3-5年,10K-15K
1-3年,8K-15K
5-10年,12K-18K
3-5年,10K-20K
1-3年,8K-10K
不限,7K-14K
1-3年,4K-6K
3-5年,8K-12K
3-5年,12K-15K
1-3年,8K-10K
1-3年,4K-7K
3-5年,8K-10K
1-3年,8K-15K
3-5年,10K-15K
1-3年,10K-15K
3-5年,12K-18K
3-5年,8K-15K
3-5年,9K-15K
3-5年,10K-18K
1-3年,薪资面议
1-3年,薪资面议
3-5年,7K-14K
1-3年,薪资面议
5-10年,10K-18K
3-5年,10K-18K
3-5年,13K-20K
1-3年,6K-8K
不限,6K-12K
1-3年,10K-15K
3-5年,15K-25K
5-10年,10K-20K
3-5年,10K-20K
1年以下,2.5K-4K
3-5年,10K-18K
3-5年,10K-20K
1-3年,5K-8K
1-3年,6K-8K
不限,15K-20K
1-3年,7K-12K
5-10年,薪资面议
1-3年,7K-12K
5-10年,薪资面议
5-10年,薪资面议
3-5年,薪资面议
3-5年,薪资面议
1-3年,8K-15K
3-5年,薪资面议
5-10年,10K-15K
5-10年,薪资面议
5-10年,20K-35K
3-5年,25K-35K
不限,4K-6K
不限,4K-6K
不限,4K-6K
1-3年,10K-15K
1-3年,8K-10K
3-5年,薪资面议
3-5年,20K-35K
3-5年,薪资面议
3-5年,薪资面议
3-5年,20K-35K
3-5年,薪资面议
3-5年,8K-15K
不限,4K-6K
1-3年,薪资面议
3-5年,7.5K-15K
3-5年,薪资面议
1-3年,薪资面议
3-5年,8K-13K
3-5年,5.5K-6.5K
不限,6K-8K
不限,8K-10K
3-5年,10K-15K
3-5年,8K-12K
1-3年,8K-9K
无经验,1K-2K
3-5年,薪资面议
1-3年,薪资面议
1-3年,7K-9K
1-3年,薪资面议
