name,type,district,address,area,price,total
恒大天府城邦,住宅,新津,普兴镇骑龙村5组,100-135㎡,8200,94
亚特兰蒂斯黄金时代,别墅,新津,天府新城南（成雅高速邓双出口下前行500米处）,457㎡,700,822
领地天府兰台,住宅,新津,花源镇紫云路兴普大道399号,121-176㎡,10000,181
龙湖双珑原著,别墅,新津,花源镇青云路155号,149-163㎡,13000,178
龙光玖龙府,住宅,新津,花源镇东篱路100号,74-115㎡,10500,105
中交牧山美庐,住宅,新津,青云路中交牧山美庐,105-120㎡,11880,126
融信澜天,住宅,新津,谷底湖南三路,95-186㎡,8700,85
金融街金悦府,商业,新津,希望路166号,待定,120,0
五津望江名门,商业类,新津,桥津上街99号,43-88㎡,7000,30
恒大天府城邦,底商,新津,谷底湖东路恒大天府城邦,待定,10000,0
恒大天府城邦,商业,新津,谷底湖东路恒大天府城邦,待定,13000,0
融信翡翠嘉苑,住宅,新津,瑞通路138号（教师公寓2小区旁）,待定,价格待定,0
隆鑫印象城邦,住宅,新津,兴园3路6号,91-95㎡,4600,0
万辰柳庄,住宅,新津,花源镇花源大道288号,待定,5400,0
花桥雅苑,住宅,新津,花桥龚巷村一组,73-117㎡,4900,0
枫山美地,别墅,新津,五津五河路15号（新津老南桥与步行桥之间）,270㎡,260,0
北大资源颐和雅郡,住宅,新津,兴园五路中段,95㎡,7500,0
天山名苑,住宅,新津,花源镇花翠北街49号,待定,5300,0
美好庄园,别墅,新津,邓双镇芝芝路888号,753-1070㎡,15000,1129
花样年君山,住宅,新津,君山路1号,待定,6000,0
蓝泊湾,别墅,新津,"牧马山蓝泊湾（长桥郡旁）, 白云路9号",196-218㎡,价格待定,0
万辰乐居,底商,新津,花源镇花源大道290号,待定,14000,0
花桥雅苑,底商,新津,花桥龚巷村一组,待定,19000,0
丽都佳苑,住宅,新津,花源镇兴普大道,137㎡,7000,0
翡翠湾纯水岸,底商,新津,新津县瑞通路138号,待定,24000,0
翡翠中心,底商,新津,新津县瑞通路138号,待定,24000,0
翡翠中心,商业类,新津,新津县瑞通路138号,待定,7200,0
时代广场(新津),商业类,新津,新津县瑞通路138号,待定,5800,0
翡翠名邸,底商,新津,新津县瑞通路138号,待定,24000,0
优品生活广场,商业,新津,五津镇外西街60-68号,待定,22000,0
北大资源颐和雅郡,商业,新津,兴园五路中段,待定,23000,0
龙湖悠山郡一期,别墅,新津,花苑镇丽景路428号,待定,250,0
花样年君山,别墅,新津,君山路1号,待定,价格待定,0
金科廊桥水乡,别墅,新津,花源镇1888号,待定,160,0
新城金樾府邸,住宅,新津,老码头二期旁,109-146㎡,9453,110
铁投牧山溪岸,住宅,新津,柳河路铁投牧山溪岸,待定,价格待定,0
中交牧山美庐,别墅,新津,新津县花源镇花源镇青云路1111号,待定,价格待定,0
花样年看今朝,住宅,新津,新津县团结岛五河路88号旁,134-142㎡,13000,174
铁投牧山溪岸,别墅,新津,花源镇杨柳河畔（杨柳河东侧、花源镇柳河苑5期南侧）,待定,价格待定,0
隆鑫公园首府,住宅,新津,兴园三路36号,待定,7850,0
金融街金悦府,住宅,新津,新津县希望路166号,待定,价格待定,0
汇祥华楠半岛,别墅,新津,花源镇花源大道169号,待定,价格待定,0
置信牧山丽景,别墅,新津,丽景路3号,待定,13412,0
雅居乐锦城,住宅,新津,新津县五津镇希望东路199号,105-130㎡,11600,121
雍景澜庭,住宅,新津,邓双镇芝芝路99号,129㎡,6400,74
隆鑫印象城邦商铺,商业,新津,兴园三路6号,待定,价格待定,0
花样年看今朝,商业,新津,新津县团结岛五河路88号旁,待定,155,0
新城金樾府邸,商业,新津,老码头二期旁,待定,价格待定,0
金融街金悦府,底商,新津,新津县希望路166号,待定,价格待定,0
武阳郡邸,住宅,新津,希望路131号,待定,价格待定,0
吉宝沁风御庭,别墅,新津,牧马山森林大道660号,待定,13000,0
中洲天府珑悦,住宅,新津,普兴镇谷底湖南三路与新中路交汇处,110㎡,12000,132
水韵雅苑,住宅,新津,新津县新普路,113㎡,8208,0
花屿岛,住宅,新津,新平镇迎先村7、8组,待定,价格待定,0
保利荔园天府和悦,别墅,新津,紫云路899号,158-232㎡,13900,220
新筑鼎峰,住宅,新津,兴园三路66号（ 新筑股份对面）,108-119㎡,4800,0
金科廊桥水乡,商业,新津,花源镇1888号,待定,33,0
阿玛尼艺术公寓,住宅,锦江,顺江路335号（望江公园和川大旁）,160-192㎡,350,930
望江名门,商业类,锦江,三官堂街与龙舟路交汇处（望江公园、望江楼正对面）,443-660㎡,70000,4500
复地金融岛,写字楼,锦江,锦城大道与科华南路交汇处,待定,18000,0
金林中心,商业类,锦江,经天路1号,65㎡,30000,200
中港CCPARK,商业类,锦江,东二环与琉璃路交汇处,37-72㎡,15000,55
COSMO天廊,商业类,锦江,上沙河铺街66号,65㎡,25000,156
滨江樾府,别墅,锦江,国槐街1272号,259-298㎡,19500,540
新希望D10天府,商业类,锦江,"地铁2号线牛王庙站B出口旁（国土局锦江分局斜对面）, 锦东路新希望D10天府",47-199㎡,30000,170
融创玖樾台邸,商业类,锦江,三圣花乡银木街与茶花街交汇处,51-63㎡,13000,66
卓锦曼购中心,商业,锦江,枫树街2号,待定,35000,0
新希望锦官府,住宅,锦江,柳荫路新希望锦官府,145㎡,25000,400
环球汇蔚然,写字楼,锦江,东大路246号,待定,15000,0
首创娇子1号,住宅,锦江,南三环娇子立交外侧,待定,11000,0
华熙528艺术村,住宅,锦江,成龙大道与银木街交汇处（成都七中育才学校三圣分校）,89-141㎡,价格待定,0
蓝润V客东都一期,商业类,锦江,银木街679号,23㎡,95,0
昆仑华庭,住宅,锦江,前卫街12号,待定,价格待定,0
新希望锦官阁,住宅,锦江,静康路与静沙北路交汇处,101-158㎡,15500,0
吉宝凌云峰阁,住宅,锦江,汇泉南路333号,待定,31000,0
绿岛筑,住宅,锦江,三圣乡白桦林路999号（成龙大道与银杏大道交汇处）,待定,价格待定,0
星汇广场,住宅,锦江,东御街88号,86-173㎡,26000,215
绿地锦天府,住宅,锦江,通盈街88号,待定,23000,0
恒大望江华府,住宅,锦江,东大路下沙河铺街和大凉山路交界处（塔子山公园旁）,待定,16000,0
九龙仓擎天半岛,住宅,锦江,东大街锦东路399号,240㎡,30000,0
俊发星雅俊园,商业类,锦江,牡丹街39号,36-69㎡,12500,0
复地金融岛,住宅,锦江,锦城大道与科华南路交汇处,待定,价格待定,0
COSMO天廊,住宅,锦江,上沙河铺街66号,42㎡,价格待定,88
蓝润锦江春天,商业类,锦江,成龙路与银杏大道交汇处,54㎡,价格待定,0
恒大都汇华庭,住宅,锦江,镗钯街38号,86㎡,27000,0
绿地468公馆二期,商业,锦江,樱花路999号,待定,30000,0
央湖名邸二期,住宅,锦江,琉璃路123号,90-117㎡,20000,0
恒大望江华府,商业类,锦江,东大路下沙河铺街和大凉山路交界处（塔子山公园旁）,191㎡,26000,0
红星国际,商业类,锦江,庆云南街69号,44-54㎡,18000,0
万达瑞华中心,写字楼,锦江,滨江中路9号,待定,22000,0
银石广场,写字楼,锦江,红星路三段99号 ,待定,25000,0
锦江逸家,底商,锦江,茶花街106号,待定,55000,0
华宇广场,底商,锦江,东大路与静康路交汇处华宇广场,待定,45000,0
锦江逸家,商业,锦江,茶花街106号,待定,42000,0
通用时代国际社区,底商,锦江,汇源南路366号,待定,50000,0
绿地468云玺四期,商业,锦江,锦江区玫瑰街7号,待定,35000,0
华润凯旋天地,底商,锦江,中环锦绣大道菱窠路口华润凯旋天地,待定,45000,0
中粮鸿云,商业,锦江,汇源北路333号,待定,61900,0
东府九座,写字楼,锦江,东府街33号,待定,17000,0
泰合国际财富中心,底商,锦江,东大路1号(地铁2号线牛市口站A出口、二环BRT牛市口站),待定,65000,0
瑞升国际中心,写字楼,锦江,二环路东五段（万达锦华广场对面）,待定,价格待定,0
绿地中心468星朗,商业类,锦江,地铁二号线洪河地铁A1出口,待定,17500,0
俊发星雅俊园,商业,锦江,牡丹街39号,待定,30000,0
蓝润V客东都一期,底商,锦江,银木街679号,待定,28000,0
朗基望今缘,住宅,锦江,龙舟路2号,235-290㎡,1050,0
首开龙湖天璞,商业类,锦江,茶花街与杨树街交汇,待定,价格待定,0
环球汇蔚然,商业类,锦江,东大路246号,待定,20000,0
蓝润V客东都二期,商业类,锦江,银木街675号,23-54㎡,20000,0
俊发星雅俊园,住宅,锦江,牡丹街39号,待定,6800,0
小春熙,商业,锦江,中新街49号,待定,100000,0
新希望锦官阁,商业,锦江,静康路与静沙北路交汇处,待定,55000,0
蓝润V客东都一期,商业,锦江,银木街679号,待定,30000,0
绿地468云玺五期,底商,锦江,玫瑰街10号,待定,44000,0
蓝润V客东都二期,商业,锦江,银木街675号,待定,35000,0
蓝润V客东都二期,底商,锦江,银木街675号,待定,35000,0
仁恒滨河湾,住宅,锦江,汇源东路88号,待定,价格待定,0
泰合国际财富中心,住宅,锦江,东大路1号(地铁2号线牛市口站A出口、二环BRT牛市口站),69㎡,14000,0
摩根中心,写字楼,锦江,锦东路568号,待定,价格待定,0
睿东中心,写字楼,锦江,下东大街段199号,待定,19000,0
首创娇子1号,商业,锦江,南三环娇子立交外侧,待定,45000,0
伊泰天骄,住宅,锦江,通宝街88号,260-370㎡,28500,600
茂业豪园,商业类,锦江,一环路东五段茂业豪园营销中心,27-37㎡,29500,77
阳光新业大厦,写字楼,锦江,一环路东五段87号,待定,价格待定,0
环球汇天誉,商业类,锦江,东大路318号,42-63㎡,价格待定,0
雄飞中心,写字楼,锦江,纯阳观街66号,待定,14000,0
新希望锦官阁,底商,锦江,静康路与静沙北路交汇处,待定,55000,0
首创娇子1号,底商,锦江,南三环娇子立交外侧,待定,35000,0
乐天圣苑,底商,锦江,通源街588号,待定,74000,0
中洲中央城邦,底商,锦江,东二环通桂路7号(沙河公园旁),待定,70000,0
乐天圣苑,商业,锦江,通源街588号,待定,70000,0
融创玖樾台邸,住宅,锦江,三圣花乡银木街与茶花街交汇处,116-156㎡,13000,203
滨江樾府,住宅,锦江,驿都大道与国槐街交汇处,156㎡,17500,0
华熙528艺术村锦都,底商,锦江,成龙大道与银木街交界处,待定,50000,0
华熙528艺术村盈都,底商,锦江,成龙大道与银木街交汇处,待定,55000,0
华润东原时光绘,商业类,锦江,三色路华润·东原·时光绘,38-50㎡,14000,53
J7金林中心,住宅,锦江,经天路1号,待定,15000,0
茂业豪园,住宅,锦江,一环路东五段茂业豪园营销中心,待定,价格待定,0
新希望D10天府,住宅,锦江,地铁2号线牛王庙站B出口旁（国土局锦江分局斜对面）,待定,价格待定,0
优山禧悦,住宅,锦江,岷山路123号,119-161㎡,16000,0
环球汇天誉,住宅,锦江,东二环与沙河之间汇源北路99号,118-280㎡,21000,0
碧桂园锦公馆,住宅,锦江,中环路锦绣大道段晨辉东路1109号,待定,15463,0
汇丽汀香,底商,锦江,锦华路一段69号,待定,22000,0
新希望锦官阁,别墅,锦江,静康路与静沙北路交汇处,待定,价格待定,0
西部国际金融中心,住宅,锦江,下东大街段258号,待定,价格待定,0
成都ICC写字楼,写字楼,锦江,东大路二环路外沙河畔东大路328号,待定,价格待定,0
恒大望江华府,别墅,锦江,东大路下沙河铺街和大凉山路交界处（塔子山公园旁）,待定,价格待定,0
成都ICC天峻,住宅,锦江,东大路328号,待定,价格待定,0
绿地中心468锦峰,写字楼,锦江,芙蓉西路468（地铁二号线洪河站）,待定,12000,0
盈嘉赢家,商业类,锦江,南纱帽街77号,待定,60000,0
COSMO天廊,底商,锦江,上沙河铺街66号,待定,价格待定,0
环球汇天誉,底商,锦江,东大路318号,待定,30000,0
华润凯旋天地,商业,锦江,中环锦绣大道菱窠路口华润凯旋天地,待定,价格待定,0
人居东湖长岛,住宅,锦江,琉璃路396号,待定,价格待定,0
华润置地自在域,商业类,锦江,成龙大道一段华润置地自在域,待定,12500,0
融创玖樾台邸,商业,锦江,三圣花乡银木街与茶花街交汇处,待定,价格待定,0
中房优山PLUS,商业,锦江,"金沙江路与岷山路交汇处（塔子山地铁站A口前行100米）, 岷山路123号",待定,36000,0
东韵雅苑,住宅,锦江,汇泉南路41号,待定,价格待定,0
佳兆业天悦,商业类,锦江,锦兴路63号,44-70㎡,26500,121
华固一品,住宅,锦江,水杉街369号(蓝谷地成都三中对面),81-87㎡,11500,0
首创娇子1号,别墅,锦江,南三环娇子立交外侧,132㎡,470,520
中港CCPARK,住宅,锦江,东二环与琉璃路交汇处,待定,18500,0
绿地468星曜,商业类,锦江,驿都大道地铁二号线洪河站口,60-80㎡,16000,93
天誉花园,住宅,锦江,东二环汇源北路99号,280㎡,21500,0
阳光新业中心,写字楼,锦江,青和里南段33号,待定,9000,0
泰业城中城大厦,写字楼,青羊,青龙巷36号,待定,16500,0
蓝光coco金沙二期,底商,青羊,清源三路169号,待定,27000,0
西城尚锦,底商,青羊,光华东三路588号,待定,40000,0
西城尚锦,商业,青羊,光华东三路588号,待定,40000,0
成都托尼洛·兰博基尼中心,商业类,青羊,人民南路一段126号,78-230㎡,50000,400
国一梦巢,底商,青羊,光华大道光华南二路238号（树德中学旁）,待定,49000,0
蓝光COCO金沙一期,商业,青羊,清涟路27号,待定,25000,0
蓝光COCO金沙一期,底商,青羊,清涟路27号,待定,25000,0
飞大美誉大厦,商业类,青羊,新华大道文武路飞大美誉大厦,41㎡,21000,73
远洋朗基香汇,商业,青羊,光华南一路255号,待定,45000,0
西城壹号,商业类,青羊,二环路与清江中路交汇处（麦德龙超市原址）,46㎡,19000,89
飞大美誉大厦,底商,青羊,人民中路三段1号,待定,价格待定,0
太行朗诗金沙城,住宅,青羊,百仁生态区内（三环路西四段）,207-246㎡,价格待定,500
光华壹号,住宅,青羊,光华南二路(树德中学对面),100-170㎡,价格待定,0
海亮樾金沙,商业,青羊,西三环蜀鑫路与清波路交汇处（华润金悦湾对面）,待定,40000,0
成都青羊万达广场,商业,青羊,日月大道与武青北路交汇处,待定,50000,0
融创观玺台花园,住宅,青羊,西货站路207号,145㎡,17300,0
颐和京都,住宅,青羊,培风路276号,48㎡,12500,0
元益花园,住宅,青羊,光华大道一段866号,待定,11000,0
蓝光雍锦园,住宅,青羊,清源二路126号,待定,21000,0
蓝光雍锦园,别墅,青羊,清源二路126号,待定,2000,0
SG珊顿道,住宅,青羊,正府街77号（中国银行大厦背后）,待定,20000,0
融创观玺台花园,商业,青羊,西货站路207号,待定,4850,0
富力公馆,住宅,青羊,天府广场旁顺城大街269号,96-253㎡,13500,0
东原时光道,底商,青羊,光华大道东4路78号,待定,40000,0
城置尚豪庭,商业,青羊,草市街38号,待定,35000,0
华润金悦湾,住宅,青羊,清波路77号,203-279㎡,11500,0
万和中心,写字楼,青羊,日月大道1501号,待定,9700,0
融创观玺台花园,底商,青羊,西货站路207号,待定,30000,0
荣盛花语城,底商,青羊,光华东一路75号,待定,20000,0
西环广场,写字楼,青羊,光华东三路489号,待定,12000,0
佳兆业西城广场,住宅,青羊,文家街道办事处马厂村1、2组,待定,12000,0
光华逸家,底商,青羊,光华东三路401号,待定,50000,0
光华欣苑,底商,青羊,光华北六路217号,待定,22000,0
元益花园,底商,青羊,光华大道一段866号,86㎡,41000,0
公元西,底商,青羊,金沙遗址路68号,待定,37000,0
长虹和悦府,底商,青羊,光华北一路527号,待定,40000,0
中铁西城新天地,商业,青羊,光华东二路98号,待定,55000,0
恒大翡翠华庭,底商,青羊,西三环光华南三路（万家湾公交总站旁）,待定,35000,0
泰业城中城大厦,商业类,青羊,青龙巷36号,待定,16000,0
华润金悦湾,底商,青羊,清波路77号,待定,25000,0
成都青羊万达广场,底商,青羊,日月大道与武青北路交汇处,待定,50000,0
天祥广场,底商,青羊,二环路西一段155号（仁和春天对面）,待定,22000,0
绿地新里城,住宅,青羊,光华北六路1号,待定,价格待定,0
万和中心,底商,青羊,日月大道1501号,待定,26000,0
天祥广场,住宅,青羊,二环路西一段155号（仁和春天对面）,113-220㎡,18000,0
建发金沙里,商业类,青羊,蜀辉路588号,待定,13000,0
金沙城锦澜阁,商业类,青羊,百瑞二路338号,56-63㎡,15500,95
赛格广场,底商,青羊,太升南路222号,待定,36000,0
绿地新里城,商业,青羊,光华北六路1号,待定,46000,0
绿地新里城,底商,青羊,光华北六路1号,待定,50000,0
金阳易诚国际,商业类,青羊,培华路399号,50㎡,16000,0
融城云熙,住宅,青羊,顺城大街316号,待定,15000,0
泰丰国际,写字楼,青羊,人民中路二段29号,待定,14000,0
天祥广场,写字楼,青羊,二环路西一段155号（仁和春天对面）,待定,16000,0
海亮樾金沙,住宅,青羊,西三环蜀鑫路与清波路交汇处（华润金悦湾对面）,66-87㎡,140,0
星立方,底商,青羊,光华南三路89号,待定,50000,0
鼓楼国际,写字楼,青羊,大墙西街33号,待定,13413,0
东原时光道,商业,青羊,光华大道东4路78号,待定,20000,0
远洋万和公馆,住宅,青羊,大安东路1号,110-169㎡,21500,0
西城壹号,写字楼,青羊,清江中路1号,待定,价格待定,0
太行朗诗金沙城,商业,青羊,百仁生态区内（三环路西四段）,待定,20000,0
金地自在湾,商业,青羊,苏坡街道办事处万家湾社区6、 8组,待定,价格待定,0
绿城金沙凤起朝鸣,住宅,青羊,成都市青羊区金沙街道办事处龙嘴村3、4、6、7组,待定,价格待定,0
西派浣花,住宅,青羊,清江东路与鸣翠路交汇处,待定,价格待定,0
西派浣花,别墅,青羊,清江东路与鸣翠路交汇处,待定,价格待定,0
佳兆业广场,住宅,青羊,光华大道一段西非物质文化遗产博览园对面（地铁四号线非遗博览园站）,65-89㎡,11000,0
紫御熙庭,住宅,青羊,武青北路（青羊万达旁 地铁4号线出口处）,待定,16000,0
恒大广场,住宅,青羊,提督街99号（近四川国际大厦E区）,219㎡,700,0
浣花香,写字楼,青羊,青羊上街336号,待定,价格待定,0
富力公馆,写字楼,青羊,天府广场旁顺城大街269号,待定,24000,0
港泰通航大厦,商业类,金牛,十二桥路29号,61-70㎡,32000,190
飞大壹号广场,底商,金牛,一环路北三段100号,待定,50000,0
北斗七星城,底商,金牛,天龙大道1333号（中铁产业园对面）,待定,30000,0
西宸原著御景,商业类,金牛,育仁西路18号,137㎡,16500,210
天悦汇,写字楼,金牛,洞子口路163号,待定,13000,0
北斗七星城,商业,金牛,天龙大道1333号（中铁产业园对面）,待定,30000,0
炎华置信花千集,商业,金牛,一环路北二段9号,待定,30000,0
炎华置信花千集,商业类,金牛,一环路北二段9号,39㎡,18500,66
炎华置信花千集,底商,金牛,一环路北二段北站西二路1号,待定,50000,0
龙湖上城天街广场,商业类,金牛,人民北路一段辅路龙湖上城,40-47㎡,18000,68
龙湖上城天街广场,底商,金牛,人民北路一段辅路龙湖上城,待定,40000,0
蓝光金悦金沙,商业,金牛,羊犀立交外侧（青房尙瑞天韵旁）,待定,27000,0
华侨城·漫街,底商,金牛,金丰路16号,待定,39000,0
华侨城创想中心,商业类,金牛,成都西三环路与交大路交汇处,40-131㎡,13000,59
中南樾府,住宅,金牛,聚霞路中南樾府,138-148㎡,19500,8
紫宸星座,商业类,金牛,花照壁西顺街388号,37㎡,20000,0
远洋朗基国宾御府,住宅,金牛,郫都区犀浦镇金樽三街151号（新里派克公馆对面）,141-149㎡,17000,250
北成星中心,住宅,金牛,人民北路一段8号,待定,13500,0
保利学府城,住宅,金牛,西三环金牛大道金周路交汇处,85-115㎡,价格待定,0
保利国宾首府,住宅,金牛,金科南路（地铁2号线金科北路A出口500米）,待定,11000,0
中铁九天,写字楼,金牛,沙湾路220号,待定,13000,0
泽瑞西园,别墅,金牛,金泉路12号,372㎡,875,0
龙湖紫宸,住宅,金牛,花照壁街225号,待定,23500,0
北星城,住宅,金牛,天龙大道中段（西部地理信息技术产业园旁）,待定,10800,0
炎华置信花千集,住宅,金牛,一环路北二段9号,待定,价格待定,0
中粮祥云里,住宅,金牛,西华街道侯家桥路288号,93-118㎡,12500,0
保利国宾首府,别墅,金牛,金科南路（地铁2号线金科北路A出口500米）,待定,196,0
保利学府城,别墅,金牛,西三环金牛大道金周路交汇处,118㎡,450,0
天悦汇,商业类,金牛,洞子口路163号,待定,7800,0
银海中心,商业,金牛,一环路北四段108号,待定,60000,0
中铁瑞景汇中心,底商,金牛,二环与蓉北商贸大道交界处（城北客运站中心对面）,待定,45000,0
西锦国际二期,底商,金牛,花牌坊北街99号,待定,24000,0
东原亲亲里,底商,金牛,金科西路58号,待定,50000,0
桔子国际,底商,金牛,西一环三段5号（地铁中医附院战D出口200米处）,待定,60000,0
华宇西城雅郡,商业,金牛,金科苑东街与金科苑南街交叉口西100米,待定,44000,0
金美国际,底商,金牛,长青路88号,待定,46000,0
华宇西城雅郡,住宅,金牛,金泉街道高家社区2组（金科路小学旁）,待定,11000,0
银海中心,商业类,金牛,一环路北四段108号,50-101㎡,19300,196
华霖金贸商厦,底商,金牛,商贸大道二段189号,待定,60000,0
东原亲亲里,商业,金牛,金科西路58号,待定,26000,0
银海中心,底商,金牛,一环路北四段108号,待定,60000,0
华宇西城雅郡,底商,金牛,金泉街道高家社区2组（金科路小学旁）,待定,30000,0
华霖金贸商厦,商业类,金牛,商贸大道二段189号,待定,9500,0
电建地产洺悦府,住宅,金牛,九里堤北路88号,待定,13000,0
中房北极星花园,底商,金牛,花圃路1号（第四人民医院对面）,待定,80000,0
碧桂园城市花园,底商,金牛,中铁产业园旁（九道堰北站附近）,待定,30000,0
中铁九天,底商,金牛,沙湾路220号,待定,50000,0
天悦城,底商,金牛,洞子口路163号,待定,45000,0
龙湖紫宸,底商,金牛,花照壁街225号,待定,70000,0
保利国宾首府,底商,金牛,金科南路（地铁2号线金科北路A出口500米）,待定,25000,0
保利学府城,底商,金牛,西三环金牛大道金周路交汇处,待定,50000,0
西门先生,底商,金牛,育仁西路8号,待定,35000,0
保利公园里,底商,金牛,北三环大天路保利城北中央生活区（保利城旁）,待定,25000,0
北成星中心,商业类,金牛,人民北路一段8号,待定,26500,0
华侨城创想中心,底商,金牛,北三环一段221号,待定,60000,0
保利堂悦,住宅,金牛,育仁西路,117-148㎡,16500,0
龙湖紫宸,商业类,金牛,花照壁街225号,待定,17000,0
华润龙湾御府,住宅,金牛,天回镇街道木龙湾社区9、10组,待定,9900,0
金美国际,写字楼,金牛,长青路88号,待定,11000,0
华侨城原岸,底商,金牛,三环路北一段393号,待定,28000,0
港泰通航大厦,写字楼,金牛,十二桥路29号,待定,19500,0
中粮祥云里,底商,金牛,西华街道侯家桥路288号,待定,35000,0
恒大曹家巷广场三期,商业类,金牛,一环内马鞍东路与府青路交汇处,41-160㎡,价格待定,0
金牛之心荷花池广场1期,商业类,金牛,北站东一路26号,53-106㎡,14500,84
现代福满苑A区,底商,金牛,站北北街118号,待定,35000,0
现代福满苑B区,底商,金牛,站北北街119号,待定,35000,0
碧桂园城市花园,商业,金牛,中铁产业园旁（九道堰北站附近）,待定,26000,0
华侨城原岸,住宅,金牛,三环路北一段393号,待定,12000,0
国宾壹公馆,商业类,金牛,迎宾大道166号（地铁2号线迎宾大道C出口旁）,42㎡,12800,0
瑞安城中汇,商业类,金牛,解放路一段139号（二环沙河畔入口处）,48㎡,93,0
蓝光金悦金沙,住宅,金牛,羊犀立交外侧（青房尙瑞天韵旁）,待定,价格待定,0
保利天汇,别墅,金牛,万石路旁,135-141㎡,21000,283
融信公馆,住宅,金牛,金牛区百寿路18号（百寿路与大庆路交汇处）,115-140㎡,28000,330
中南海棠集,住宅,金牛,天龙大道382号,112-136㎡,13800,6
银咖SPACE,商业类,金牛,金牛营门口路1-9号,37㎡,14000,60
保利天玺,住宅,金牛,金丰路保利天玺,119-135㎡,15000,5
保利天汇,住宅,金牛,万石路旁,114-135㎡,14000,6
天羽揽月轩,底商,金牛,花照壁上横街469号,待定,40000,0
蓝海天地,写字楼,金牛,振兴路22号,654㎡,8300,0
Class9玖霄,写字楼,金牛,一环内马鞍东路与红星路交汇处,待定,22000,0
京蓉时代,写字楼,金牛,二环北路三段108号,待定,价格待定,0
华侨城天屿,别墅,金牛,北三环路一段333号,待定,价格待定,0
人居花照云庭,住宅,金牛,一品天下大街808号,104-174㎡,13200,0
华润龙湾御府,别墅,金牛,金牛区聚业路天回镇街道（北星大道旁）,待定,11800,0
华侨城天澜,住宅,金牛,金丰路191号,待定,价格待定,0
电建地产洺悦玺,住宅,金牛,金粮路338号,待定,价格待定,0
乡林涵碧天下,住宅,金牛,凤林四路（凤凰小学对面）,待定,价格待定,0
保利两河院子,别墅,金牛,蜀西路土龙路两河森林公园内,待定,价格待定,0
北星城,别墅,金牛,"天龙大道,近天音路",待定,价格待定,0
西部国际珠宝中心,写字楼,金牛,成都市金牛区蜀汉西路52号（蜀西路与金周路交汇处）,待定,7500,0
国宾总部基地,写字楼,金牛,金科东路50号,待定,8000,0
首开龙湖铂金岛,商业,金牛,花照壁西顺街318号,待定,19000,0
西部北斗产业园,写字楼,金牛,成都市金牛区天龙大道1333号,待定,7800,0
北京城建龙樾熙城,商业,金牛,"蜀西路66号（中海国际购物公园对面）, 金水巷79号",待定,194,0
北星城,底商,金牛,天龙大道中段（西部地理信息技术产业园旁）,待定,35000,0
北星城,商业,金牛,天龙大道中段（西部地理信息技术产业园旁）,待定,价格待定,0
保利天玺,商业,金牛,金丰路保利天玺,待定,18000,0
港泰通航大厦,商业,金牛,十二桥路29号,待定,价格待定,0
龙湖上城,住宅,金牛,一环内侧与人民北路交汇处,待定,22500,0
金牛之心荷花池广场1期,底商,金牛,北站东一路26号,待定,150000,0
成都长虹天樾 ,住宅,金牛,沙西线成都长虹天樾,待定,价格待定,0
瑞升城北橡树林,底商,金牛,解放路一段20号,待定,50000,0
银咖SPACE,底商,金牛,金牛营门口路1-9号,待定,20000,0
远洋朗基国宾御府,商业,金牛,金樽三街151号,待定,44000,0
成都长虹天樾 ,别墅,金牛,沙西线成都长虹天樾,待定,价格待定,0
保利天和,住宅,金牛,天龙大道909号,131-149㎡,15000,5
佳乐云锦阁,住宅,金牛,王贾路168号,待定,价格待定,0
西部北斗星墅,商业类,金牛,成都市金牛区天龙大道1333号,323-385㎡,13000,420
中铁瑞景汇中心,住宅,金牛,二环与蓉北商贸大道交界处（城北客运站中心对面）,待定,10000,0
北京城建龙樾熙城,住宅,金牛,蜀西路66号（中海国际购物公园对面）,待定,价格待定,0
保利公园里,别墅,金牛,北三环大天路保利城北中央生活区（保利城旁）,待定,290,0
中铁瑞景汇中心,商业类,金牛,二环与蓉北商贸大道交界处（城北客运站中心对面）,31㎡,14000,44
万达SOHO公寓,写字楼,金牛,一环路北三1号,待定,价格待定,0
鞋都风尚中心,商业,武侯,成双大道中段鞋都南二路139号,待定,20000,0
亿通新天地,底商,武侯,沙堰街40号,待定,25000,0
双楠港汇广场,底商,武侯,武阳大道二段261号,待定,50000,0
西派城,底商,武侯,簇锦街办铁佛村3、8组(武侯大道铁佛段与金履路交汇处),待定,36000,0
丽都首府,底商,武侯,丽都路董家湾南街6号,待定,25000,0
锦外中心,商业类,武侯,一环路南四段19号,41-71㎡,20000,116
世纪百合锦寓,商业类,武侯,武侯大道铁佛段289号,55-113㎡,10000,53
营盛大厦,底商,武侯,红牌楼北街31号,待定,50000,0
龙湖天宸原著,住宅,武侯,武侯大道与智谷大道交汇处,147-304㎡,25000,367
龙湖天宸原著,商业类,武侯,武侯大道与智谷大道交汇处,38㎡,16500,60
龙湖天宸原著,底商,武侯,武侯大道与智谷大道交汇处,待定,45000,0
金科双楠天都,商业,武侯,二环路西一段80号,待定,45000,0
中环晓院,底商,武侯,中环路与永顺路交汇处,待定,50000,0
来福士广场,商业类,武侯,四川省成都市武侯区人民南路四段3号来福士广场,67-86㎡,40000,280
鞋都风尚中心,底商,武侯,武侯区鞋都南路139号,待定,20000,0
金隅珑熙汇,商业类,武侯,聚龙路168号,49-83㎡,13000,62
龙湖紫都城,商业类,武侯,来凤五路56号,41㎡,13500,55
美泉悦府,住宅,武侯,武青西一路399号,待定,价格待定,0
保利天悦,商业类,武侯,高攀路89号,47-243㎡,19000,117
中海熙苑一期,住宅,武侯,双楠果堰街,待定,17500,0
营盛大厦,住宅,武侯,红牌楼北街东侧与二环路交汇处（近丽都花园）,待定,12300,0
双楠悦天地,住宅,武侯,二环路与武侯大道交汇处(伊藤双楠店南行500米),待定,价格待定,0
世豪嘉柏,商业类,武侯,武科东二路460号,33㎡,13500,38
邻里中央,商业类,武侯,晋吉北路66号,待定,13000,0
紫檀,住宅,武侯,人民南路四段38号,待定,25000,0
西派城,住宅,武侯,簇锦街办铁佛村3、8组(武侯大道铁佛段与金履路交汇处),待定,价格待定,400
中环晓院,住宅,武侯,中环路与永顺路交汇处,待定,价格待定,0
新界五期,住宅,武侯,武阳大道二段186号,待定,14000,0
时代锦绣,商业,武侯,武侯大道文昌段与新机场路的交汇处（中天物流园旁）,待定,19000,0
大合仓,写字楼,武侯,星狮路511号,待定,8300,0
蓝光雍锦世家,住宅,武侯,永顺路71号,待定,价格待定,0
新希望锦悦楠庭,住宅,武侯,武兴路和金江路交汇处,99-130㎡,12000,0
晶楠天地,底商,武侯,晋吉南路82号,待定,40000,0
金阳不夜都,底商,武侯,西三环路三段草金立交内侧万顺二路155号,待定,38000,0
中筑西府兰庭,底商,武侯,福锦路一段669号,待定,42000,0
万茂UIC,底商,武侯,聚龙路1251号,待定,37000,0
万茂UIC,商业类,武侯,聚龙路1251号,待定,11000,0
金阳不夜都,商业,武侯,西三环路三段草金立交内侧万顺二路155号,待定,35000,0
红牌楼广场,写字楼,武侯,二环南四段佳灵路7号,待定,价格待定,0
武侯万达广场,商业类,武侯,聚龙路988号,待定,14000,0
中海熙苑二期,住宅,武侯,果盛路36号,待定,16000,0
珑熙郡,底商,武侯,武侯立交聚龙路168号（武侯万达广场旁）,待定,50000,0
中筑西府兰庭,商业,武侯,福锦路一段669号,待定,20000,0
保利花园五期悦榕郡,底商,武侯,西三环武侯大道万兴路与福锦路交汇处,待定,30000,0
丽都花园丽府,底商,武侯,丽都路599号,待定,21000,0
阳光城檀府,住宅,武侯,西三环与万兴路交界处,108-168㎡,17000,0
龙湖金楠天街,底商,武侯,晋阳路313号,待定,40000,0
金科双楠天都,底商,武侯,二环路西一段80号,待定,30000,0
亿通新天地,商业类,武侯,沙堰街40号,待定,10000,0
世豪嘉柏,底商,武侯,武科东二路460号,待定,40000,0
中国水电泛悦国际,底商,武侯,"高攀西巷3号, 长荣路66号",待定,35000,0
中海熙苑二期,底商,武侯,果盛路36号,待定,35000,0
中海熙苑一期,商业,武侯,双楠果堰街,待定,35000,0
双楠尚品广场,底商,武侯,兆景路139号,待定,30000,0
中粮祥云三期,底商,武侯,太平园中四路9号,待定,35000,0
华宇静苑二期,底商,武侯,聚荟街436号,待定,30000,0
天朗锦邸,底商,武侯,一环路西一段31号,待定,35000,0
绿地腾飞公馆,住宅,武侯,武侯大道文昌段51号,待定,14500,0
中铁金花国际城,商业,武侯,金花镇金凤街179号（武兴路与金凤街交汇处）,待定,35000,0
中国水电泛悦国际,商业,武侯,"高攀西巷3号, 长荣路66号",待定,50000,0
联邦财富中心,写字楼,武侯,武科东四路18号,待定,7600,0
交大万通格外,商业类,武侯,董家湾南街90号,53㎡,13500,0
首信红星国际广场,商业,武侯,武侯新城智谷大道与七星大道交汇处,待定,30000,0
财富国际,写字楼,武侯,小天竺街75号,待定,16000,0
龙湾生活广场,商业类,武侯,四川省成都市武侯区龙华北路7号附6号,34-54㎡,15000,0
蓝光金双楠,住宅,武侯,永康路半边街288号,待定,8100,0
蓝光金悦城,住宅,武侯,成双大道福锦路二段（簇桥工商所旁）,待定,13500,0
新希望大厦,写字楼,武侯,人民南路四段45号,待定,16500,0
保利中心,写字楼,武侯,领事馆路9号,待定,价格待定,0
大陆国际,写字楼,武侯,人民南路4段11号,待定,19000,0
华宇蓉国府,写字楼,武侯,人民南路四段12号,待定,18000,0
新希望锦悦楠庭,底商,武侯,武兴路和金江路交汇处,待定,30000,0
蓝光长岛国际社区,住宅,武侯,九江街道通江社区,133-155㎡,12500,199
绿地GIC,住宅,武侯,二环路南一段20号（科华中路）,待定,18000,0
珑熙郡,住宅,武侯,武侯立交聚龙路168号（武侯万达广场旁）,待定,12500,0
东原印长江,住宅,武侯,永顺街165号,161-233㎡,29800,466
联邦财富中心,底商,武侯,武科东四路18号,待定,20000,0
金科博翠府,住宅,武侯,西三环路一段与西三环路一段出口交叉口西150米,150-179㎡,27000,464
蓝润广场,商业类,武侯,武侯成双大道蓝润广场,待定,价格待定,0
当代中德璞誉,商业类,武侯,武侯大道顺江段200号,37-47㎡,19000,70
龙湖天宸原著,别墅,武侯,武侯大道与智谷大道交汇处,待定,价格待定,0
世豪金街,商业类,武侯,武科东二路世豪金街,待定,价格待定,0
锦外中心,商业,武侯,一环路南四段19号,待定,价格待定,0
当代中德璞誉,住宅,武侯,武侯大道顺江段200号,133-179㎡,价格待定,0
玲珑,住宅,武侯,武侯大道铁佛段（武侯大道与七里大道交汇处）,待定,9024,0
锦悦华庭,住宅,武侯,水巷子与簇桥中街交叉口南50米,96-124㎡,15800,151
金楠缤纷,商业类,武侯,中华名园簇锦街道办旁顺兴路369号,待定,20000,0
金楠缤纷,底商,武侯,中华名园簇锦街道办旁顺兴路369号,待定,35000,0
桐梓林7号,住宅,武侯,新希望路7号,待定,25000,0
金茂府,住宅,武侯,铁佛工业区二路,165-195㎡,29999,495
美泉悦府,底商,武侯,武青西一路399号,待定,价格待定,0
中粮武侯瑞府,别墅,武侯,武侯新城铁佛段,待定,价格待定,0
保利天悦,住宅,武侯,高攀路89号,261-264㎡,20000,522
会所金澜苑,住宅,武侯,晋康街179号,85-142㎡,17000,156
鞋都风尚中心,商业类,武侯,武侯区鞋都南路139号,待定,价格待定,34
中粮武侯瑞府,住宅,武侯,武侯新城铁佛段,149-170㎡,31350,0
美泉悦府,别墅,武侯,武青西一路399号,待定,价格待定,0
当代中德璞誉,底商,武侯,武侯大道顺江段200号,待定,价格待定,0
金隅珑熙汇,写字楼,武侯,聚龙路168号（万达旁）,待定,13500,0
金阳不夜都,商业类,武侯,西三环路三段草金立交内侧万顺二路155号,待定,8800,0
南棠蜜邸,住宅,武侯,红牌楼佳灵路6号,待定,13000,0
碧桂园中环荟,商业类,成华,成华区八里庄路168号,54㎡,15000,64
融创玖阙府一期,底商,成华,熊猫大道融创玖阙府一期,待定,26000,0
源滩国际社区,商业类,成华,华林一路158号,36-72㎡,14000,59
和泓东28,商业类,成华,二仙桥东路46号,38㎡,12800,46
未来中心,商业类,成华,一环路内侧与蜀都大道交界处,49-56㎡,20800,103
青龙广场,商业类,成华,东丽街与东紫路交汇处（动物园东大门）,46-48㎡,10000,47
青龙广场,写字楼,成华,东丽街与东紫路交汇处（动物园东大门）,待定,9800,0
青龙广场,底商,成华,东丽街与东紫路交汇处（动物园东大门）,待定,25000,0
海上海南苑,商业,成华,和美东路221 号,待定,30000,0
海上海北苑,底商,成华,和美东路221 号,待定,30000,0
理想城,底商,成华,东中环二仙桥北一路,待定,40000,0
龙光世纪中心,商业类,成华,华林三路10号,37-87㎡,10000,57
泛悦城市广场,商业类,成华,2.5环内昭觉寺横路（中国电信旁）,40㎡,14000,55
交大梦家,底商,成华,长融东二路,待定,35000,0
成华奥园广场三期,商业类,成华,崔家店路与跳蹬河路交汇处,34-98㎡,16000,8
成华奥园广场三期,底商,成华,崔家店路与跳蹬河路交汇处（崔家店路418号）,待定,53000,0
中南融创玖华台邸,底商,成华,建设南路50号,待定,50000,0
融创玖阙府二期,底商,成华,石岭路融创玖阙府二期,待定,26000,0
龙湖梵城,商业类,成华,建工路龙湖梵城,68-83㎡,19000,129
朗诗尚高大厦,商业类,成华,建设北路三段70号,37㎡,14000,51
泊里中心,商业类,成华,成华邛崃山路与迎晖路交汇处,47-82㎡,19000,3
珑悦锦云花园,住宅,成华,龙港路369号,待定,价格待定,0
弘创名座,底商,成华,白龙江路6号,待定,40000,0
时光荟,商业类,成华,建设北路三段378号,38-61㎡,14500,50
龙湖梵城,底商,成华,建工路龙湖梵城,待定,65000,0
德商迎晖天玺,商业,成华,成华区白龙江路与大巴山路交汇处,待定,50000,0
德商迎晖天玺,底商,成华,白龙江路与大巴山路交汇处,待定,50000,0
世茂茂立方广场,商业类,成华,和顺西一路9号,38-51㎡,9000,36
佳年华广场一期,商业类,成华,峨眉山路369号,39-71㎡,14000,60
未来中心,底商,成华,一环路内侧与蜀都大道交界处,待定,40000,0
梦魔方广场,底商,成华,中环路锦绣大道段与金马河路交叉口东100米,待定,20000,0
中南融创玖华台邸,商业,成华,成华区建设南路50号,待定,50000,0
朗基城·少公馆,商业类,成华,建祥路9号,36㎡,15500,55
大陆潮里,商业类,成华,昭文路36号,38㎡,11500,44
鲁能城,商业类,成华,槐树店一路300号,44-68㎡,15000,1
德商迎晖天玺,商业类,成华,白龙江路333号,待定,价格待定,0
保利林语溪二期,住宅,成华,华实路13号,待定,10500,0
合能铂悦府,商业类,成华,驷马桥路11号,37㎡,价格待定,0
香山长岛,商业类,成华,长融东三路155号,45-88㎡,14137,0
中环壹号大厦,商业类,成华,迎晖路99号,待定,17500,75
泛悦城市广场,住宅,成华,2.5环内昭觉寺横路（中国电信旁）,80-98㎡,10000,0
蓝光雍锦阁,住宅,成华,建功路66号,待定,18500,0
鲁能公馆,住宅,成华,槐树店一路300号,待定,价格待定,0
中海新华府,住宅,成华,小龙桥路30号,待定,16000,0
隆鑫印象东方,住宅,成华,东三环凯德广场魅力城店向东500米,待定,价格待定,0
交大梦家,住宅,成华,长融东二路,待定,10500,0
华润二十四城七期,住宅,成华,二环路东三段双庆路6号,待定,15500,0
中国铁建广场,商业类,成华,新成华大道三段与东华一路交汇口,待定,9500,0
金科中心,商业类,成华,荆翠西路2号,48㎡,12500,0
汇富大厦,商业类,成华,二环路东二段6号附13,待定,10500,0
交大归谷建设派,商业,成华,二仙桥北路3号,待定,15000,0
中国铁建广场,写字楼,成华,新成华大道三段与东华一路交汇口,待定,12800,0
北城鑫街,商业类,成华,驷马桥羊子山路,待定,8500,0
泛悦城市广场,商业,成华,2.5环内昭觉寺横路（中国电信旁）,待定,50000,0
北城鑫街,商业,成华,驷马桥羊子山路,待定,39000,0
佳年华广场一期,住宅,成华,峨眉山路369号,待定,11800,0
首创光和城二期,住宅,成华,荆竹东路与东荆路首创花与城二期,77㎡,17800,0
香澜坊,住宅,成华,站北中街8号,待定,11000,0
成华奥园广场二期,住宅,成华,跳蹬河南路18号,待定,价格待定,0
华润熙悦广场,商业类,成华,荆竹中路（动物园北侧）,待定,8500,0
永立星城都,住宅,成华,二环路与府青路交汇处（原512建材市场旁）,待定,价格待定,0
蓝润东悦荟,商业类,成华,中环路锦绣大道段与嘉陵江路交叉口东南50米,28-70㎡,13500,95
融锦城,商业类,成华,羊子山路88号,60-65㎡,13500,0
中洲里程,住宅,成华,塔山路东2.5环迎晖路交汇处,待定,14300,0
金科星耀天都,商业类,成华,驷马桥西林一街19号,待定,12600,0
明信鹭湾,商业类,成华,御风一路9号,待定,13500,0
优品星座,商业类,成华,"建材路66号, 东2.5环建材路段与迎晖路十字交叉路",待定,12500,0
观城,商业类,成华,双成五路66号,45㎡,17000,77
绿地悦蓉公馆,住宅,成华,桂林西路88号（桂林小学对面）,123㎡,9900,0
上寓,商业类,成华,二仙桥东路（加油站旁）,40-47㎡,15000,60
蓝光金悦府,商业类,成华,将军碑东二路88号,待定,9000,0
招商中央华城,住宅,成华,东郊记忆旁成华大道与中环路交汇处,82-98㎡,13000,0
保利林语溪一期,住宅,成华,华实路11号,95-108㎡,9056,0
御龙山二期,住宅,成华,迎晖路6号,待定,价格待定,0
成功悦都,商业类,成华,双建路建行正对面（原双建路79号）,待定,14500,0
电建地产美立方,底商,成华,成致路电建地产美立方,待定,13000,0
蓝光公园悦庭,住宅,成华,崔家店南路2号,待定,13600,0
交大归谷建设派,底商,成华,二仙桥北路3号,待定,50000,0
佳年华广场一期,商业,成华,峨眉山路369号,待定,25000,0
台州商人大厦,底商,成华,昭觉寺横路80号,待定,40000,0
台州商人大厦,商业类,成华,昭觉寺横路80号,52-105㎡,15000,0
恒大中央广场二期雲門,住宅,成华,东三段19号（双林北支路北70米）,170㎡,17200,4
永立星城都,商业类,成华,二环路与府青路交汇处（原512建材市场旁）,待定,18000,0
保利康桥,住宅,成华,成华大道杉板桥路199号,待定,16000,0
华都云景台,底商,成华,杉板桥南五路199号（蓝光东方天地旁）,待定,50000,0
成发紫东阳光,底商,成华,二环路东三段与蜀都大道的交汇处(二环路东三段61号万象城斜对面),待定,36000,0
海上海南苑,底商,成华,和美东路221 号,待定,30000,0
沙河湾,商业类,成华,五桂桥北路26号,待定,10300,0
中铁二局玛塞城,底商,成华,府青路二段177号,待定,40000,0
锦府,住宅,成华,御风一路35号(信和御龙山旁),75-102㎡,14250,9
青秀未遮山,住宅,成华,新八里庄61号（红星路源点）,待定,价格待定,0
海上海北苑,商业,成华,和美东路221 号,待定,30000,0
恒大锦城,住宅,成华,东三环路桂林西路18号（龙潭路与桂林西路交汇处200米）,待定,10192,0
理想城,商业类,成华,东中环二仙桥北一路,39㎡,19000,0
荣盛紫提东郡,底商,成华,万科路东段荣盛紫提东郡,待定,30000,0
荣盛紫提东郡,商业,成华,万科路东段荣盛紫提东郡,待定,12000,0
鲁能公馆,底商,成华,槐树店一路300号,待定,40000,0
华润二十四城七期,商业,成华,二环路东三段双庆路6号,待定,45000,0
中粮锦云,底商,成华,崔家店横二街42号,待定,45000,0
中粮锦云,商业,成华,崔家店横二街42号,待定,45000,0
泛悦城市广场,底商,成华,2.5环内昭觉寺横路（中国电信旁）,待定,40000,0
蓝光乐彩城,底商,成华,物流大道蓝光乐彩城,待定,30000,0
金科星耀天都,底商,成华,驷马桥西林一街19号,待定,20000,0
世茂大厦,写字楼,成华,猛追湾横街99号,待定,价格待定,0
SM锦悦,住宅,成华,二环路东二段29号,69-118㎡,价格待定,0
中国铁建北湖国际城三期,住宅,成华,东三环路一段外侧（石室中学对面）,待定,13800,0
荣盛香榭兰庭一期,底商,成华,中环路锦绣大道段4599号,待定,30000,0
荣盛香榭兰庭一期,商业,成华,中环路锦绣大道段4599号,待定,30000,0
荣盛香榭兰庭二期,底商,成华,安宁河路4599号,待定,30000,0
荣盛香榭兰庭二期,商业,成华,安宁河路4599号,待定,价格待定,0
成华奥园广场一期,底商,成华,"崔家店路418号, 双电西五路26号",待定,45000,0
隆鑫印象东方,底商,成华,东三环凯德广场魅力城店向东500米,待定,32000,0
成功悦都,底商,成华,双建路建行正对面（原双建路79号）,待定,41000,0
成华奥园广场二期,底商,成华,跳蹬河南路18号,待定,45000,0
招商中央华城,商业类,成华,东郊记忆旁成华大道与中环路交汇处,待定,14000,0
华宇旭辉锦绣花城,住宅,成华,龙潭立交外路桂林西路（龙潭路与桂林西路交汇处）,100-118㎡,11000,0
梦魔方广场,商业类,成华,中环路锦绣大道段与金马河路交叉口东100米,68-80㎡,13000,102
万科天荟,商业类,成华,建设南支路（东郊记忆旁）,待定,13000,0
成华奥园广场二期,商业,成华,跳蹬河南路18号,待定,45000,0
鲁能城二期,商业,成华,跳蹬河槐树店路26号（成洛大道与中环路交汇处）,待定,54000,0
鲁能城二期,底商,成华,跳蹬河槐树店路26号（成洛大道与中环路交汇处）,待定,45000,0
蓝润蓝客城,商业,成华,熊猫大道蓝润蓝客城,待定,29000,0
上古天地,商业类,成华,龙潭路33号,55㎡,10150,0
香澜半岛,住宅,成华,赤虎桥南街1号,111㎡,16000,0
蓝润东悦荟,底商,成华,中环路锦绣大道段与嘉陵江路交叉口东南50米,待定,13500,0
佳年华广场二期,商业类,成华,保和街道峨眉山路369号,35-41㎡,16000,0
富润生活广场,商业类,成华,成康路18号,43-45㎡,13000,0
领地海纳时代,住宅,成华,致力东街领地海纳时代,待定,12000,0
太阳公元一期,住宅,成华,建设巷13号,待定,价格待定,0
佳年华广场二期,底商,成华,峨眉山路369号,待定,20000,0
中南融创玖华台邸,商业类,成华,建设南路50号,48-60㎡,17600,0
交大梦家,商业,成华,长融东二路,待定,35000,0
华宇旭辉锦绣花城,底商,成华,龙潭立交外路桂林西路（龙潭路与桂林西路交汇处）,待定,35000,0
金科中心,底商,成华,荆翠西路2号,待定,26500,0
博闻时代锦汇,底商,成华,桃华街45号,待定,46000,0
蓝润v客尚东,底商,成华,向龙一路蓝润v客尚东,待定,33000,0
御龙山一期,住宅,成华,迎晖路6号,304㎡,27500,830
金科天籁城,商业,成华,龙潭寺华康路8号,待定,30000,0
成都339,写字楼,成华,双林路339号,待定,价格待定,0
维多利亚富御,住宅,成华,荆顺东街235号,待定,9200,0
华润二十四城六期,商业,成华,东三段双成3路15号,待定,20000,0
弘创名座,商业类,成华,白龙江路6号,34-68㎡,18000,113
华茂广场,写字楼,成华,建设路2号,待定,12000,0
万科钻石广场,写字楼,成华,建设路10号,待定,13500,0
协信中心,写字楼,成华,府青东街80号,待定,10000,0
华联东环广场,写字楼,成华,建设路55号,待定,价格待定,0
融创玖阙府南苑,住宅,成华,白莲池街道办事处一里塘社区4、5、6、7组,113-144㎡,12000,135
华宇旭辉锦绣广场,商业类,成华,"牛龙路口, 华宇旭辉锦绣广场",38-66㎡,10000,43
新力琥珀园,住宅,成华,民兴北二路新力琥珀园,94-123㎡,14000,0
华宇旭辉锦绣广场,底商,成华,"牛龙路口, 华宇旭辉锦绣广场",待定,19000,0
首钢蓉城里,住宅,成华,湖秀二路66号,待定,价格待定,0
华润润府,住宅,成华,双桥路华润置地润府,102-140㎡,12400,0
隆鑫印象东方,商业,成华,东三环凯德广场魅力城店向东500米,待定,45000,0
德商迎晖天玺,住宅,成华,迎晖路德商迎晖天玺,待定,23500,440
万科天荟,住宅,成华,杉板桥路（东郊记忆旁）,待定,价格待定,0
中南融创玖华台邸,住宅,成华,建设南路50号,待定,价格待定,0
鲁能城,住宅,成华,成洛大道与中环路交汇处,待定,价格待定,0
首创光和城二期,底商,成华,荆竹东路与东荆路交汇处,待定,44000,0
融创玖阙府南苑,别墅,成华,白莲池街道办事处一里塘社区4、5、6、7组,待定,14700,0
铂悦府,商业,成华,驷马桥路11号,待定,价格待定,0
招商中央华城商铺,底商,成华,成都市成华区杉板桥路601号,待定,40000,0
融创玖阙府商铺,商业,成华,成华区一里塘路熊猫大道,待定,26500,0
保利林语溪商铺,商业,成华,龙港路与华盛路交汇处,待定,价格待定,0
中南融创玖华台商铺,商业,成华,建设南路50号,待定,57500,0
龙之梦鹏瑞利新城,商业,成华,邛崃山路中段（东客站东广场斜对面）,待定,14000,0
物华天域阁,住宅,成华,成都理工大学旁,待定,价格待定,0
新鸿之心,商业,成华,一环路与成华大道新鸿路交汇处,待定,价格待定,0
蓝润蓝客城,住宅,成华,熊猫大道与青狮路交汇处,待定,5800,0
永立星城都,底商,成华,二环路与府青路交汇处（原512建材市场旁）,待定,60000,0
成发紫悦府,住宅,成华,水碾河路1号,待定,价格待定,0
恒大锦城,别墅,成华,东三环路东一段桂林西路18号（龙潭路与桂林西路交汇处200米）,待定,价格待定,0
华宇旭辉锦绣花城,别墅,成华,龙潭立交外路桂林西路（龙潭路与桂林西路交汇处）,158㎡,19200,0
新华创客居,住宅,成华,崔家店路731号,91-125㎡,14500,131
理工东苑,商业,成华,东三路附3号,待定,价格待定,0
领地五彩金巷子,商业,成华,青龙场致力路与致力东街交汇的东北角,待定,37000,0
朗基城,住宅,成华,建祥路9号,待定,价格待定,0
华润置地悦玺,住宅,成华,双成二路33号万象城旁,待定,价格待定,0
万科金色乐府商铺,商业,成华,东郊记忆旁杉板桥路,待定,40000,0
首创花与城乐街,商业,成华,地铁3号线（动物园站）海滨公园旁,待定,50000,0
华润置地大厦B座,写字楼,成华,双成二路与双福一路交汇处（万象城旁）,待定,价格待定,0
华润置地大厦B座,商业,成华,双成二路与双福一路交汇处（万象城旁）,待定,价格待定,0
恒河星耀,商业类,成华,二环路东二段建设路口（伊藤洋华堂对面）,待定,价格待定,0
碧桂园中环荟,商业,成华,成华区中环路7号线八里庄站旁,待定,价格待定,0
首创天禧68,商业,成华,二环路东一段内侧（距离桃溪路口站30米）,待定,价格待定,0
新华创客居,底商,成华,崔家店路731号,待定,价格待定,0
城投置地梧桐栖,住宅,成华,致兴二路城投置地梧桐栖,待定,价格待定,0
城投置地梧桐栖,商业,成华,致兴二路城投置地梧桐栖,待定,价格待定,0
首钢蓉城里,商业,成华,湖秀二路66号,待定,价格待定,0
中南融创玖华台邸,写字楼,成华,成华区建设南路50号,待定,价格待定,0
德商迎晖天玺,写字楼,成华,白龙江路与大巴山路交汇处,待定,价格待定,0
华宇旭辉锦绣广场住宅,住宅,成华,龙潭寺西路,待定,10765,0
俊屹中心俊峰,写字楼,成华,二环路北4段3号,待定,价格待定,0
西派泊玥,住宅,成华,湖秀二路37号,待定,13500,0
龙湖梵城,商业,成华,建工路龙湖梵城,待定,20000,0
奥山·成都澎湃城,住宅,成华,成都市成华区东三环成南立交东侧,待定,价格待定,0
首创光和城二期,商业,成华,荆竹东路与东荆路首创花与城二期,待定,50000,0
首创光和城,底商,成华,荆竹东路与东荆路首创花与城一期,待定,50000,0
首创光和城,商业,成华,荆竹东路与东荆路首创花与城一期,待定,50000,0
泰博理想城二期,底商,成华,二仙桥北二路2号,待定,35000,0
朗诗上林熙华府,住宅,成华,府青路三段12号,待定,价格待定,0
中车共享城,住宅,成华,四川省成都市成华区二仙桥北路,待定,价格待定,0
龙湖梵城,住宅,成华,建工路龙湖梵城,待定,价格待定,0
中迪中心,商业,成华,嘉陵江路与九寨沟路交汇处,待定,价格待定,0
首创天禧68,住宅,成华,二环路东一段内侧（距离桃溪路口站30米）,待定,价格待定,0
香山长岛,住宅,成华,长融东三路155号,89-143㎡,价格待定,0
绿地悦蓉公馆,底商,成华,桂林西路88号（桂林小学对面）,待定,35000,0
财富又一城,写字楼,成华,华油路6号附27,待定,11000,0
泰业北城广场,写字楼,成华,双荆路1号,待定,8800,0
林溪康城,底商,龙泉驿,同安街办幸福路99号,待定,32000,0
昊园江南壹品,底商,龙泉驿,成洛大道西河地铁口（华新职业学院旁）,待定,14000,0
雄飞生活广场,商业类,龙泉驿,西河镇成洛大道3199号（九峰国际汽车成附近）,49-94㎡,7850,57
绿地新城新里桃溪川,住宅,龙泉驿,幸福大道绿地新城新里桃溪川,112-143㎡,10500,107
山楂树,商业类,龙泉驿,翠龙街138号,36-60㎡,9000,33
德商蜜柚,商业类,龙泉驿,车城西四路和经开区南一路交汇处,35-91㎡,7200,57
德商蜜柚,底商,龙泉驿,车城西四路德商蜜柚,待定,20000,0
天赋龙庭,商业类,龙泉驿,龙祥商业街88号,64-102㎡,7300,3
领地溪山蘭台,住宅,龙泉驿,华信大道998号,142-143㎡,19928,284
龙腾东麓城,商业类,龙泉驿,龙华大道256号,35-62㎡,6800,25
合谊乐湖,底商,龙泉驿,十陵街道蜀王大道南段888号,待定,25000,0
合谊乐湖,商业,龙泉驿,十陵街道蜀王大道南段888号,待定,25000,0
中海御湖世家,别墅,龙泉驿,蜀王大道北段中海御湖世家,156㎡,28000,8
德商蜜柚,商业,龙泉驿,车城西四路德商蜜柚,待定,价格待定,0
金茂悦龙山,底商,龙泉驿,车城西五路99号,待定,19500,0
银诚龙悦中心,商业类,龙泉驿,成洛大道5333号,64-76㎡,7000,49
三盛都会城,底商,龙泉驿,龙华路东侧三盛都会城,待定,20000,0
驿都城,商业,龙泉驿,驿都大道中路900号（龙泉驿世纪广场旁）,待定,36000,0
凯德卓锦万黛,住宅,龙泉驿,成龙大道二段（川师成龙校区旁）,95-106㎡,价格待定,78
御嶺春天,住宅,龙泉驿,燃灯寺路与星光东路路口御嶺春天,待定,价格待定,0
金泉香槟城,住宅,龙泉驿,西河大道295号,90-92㎡,9500,0
东山国际君度半山,别墅,龙泉驿,成龙路东山国际大道1号东山国际新城内,待定,20000,0
慧生时代广场,住宅,龙泉驿,成洛大道与汽贸大道交汇处（西河镇汽贸大道68号）,待定,8000,0
博客小镇,住宅,龙泉驿,三峨街999号,77-90㎡,价格待定,0
龙湖三千庭,住宅,龙泉驿,成龙大道川师成龙校区旁,待定,14000,0
昊园江南壹品,住宅,龙泉驿,成洛大道西河地铁口（华新职业学院旁）,58-93㎡,5800,0
龙都国际,住宅,龙泉驿,龙都北路399号,94-100㎡,6900,0
金山御景蓝湾,住宅,龙泉驿,阳光大道89号,88-132㎡,4600,0
首创万卷山,住宅,龙泉驿,青台山村五组首创万卷山,待定,5700,0
昂世半山观邸,别墅,龙泉驿,同安街道办事处阳光大道8号(博瑞花园酒店对面),283-378㎡,13000,0
东原晴天见,住宅,龙泉驿,洪河镇白鹤村6组,90-94㎡,12000,0
华府幸福城,住宅,龙泉驿,阳光城幸福大道333号,95-108㎡,10500,0
福泉中心,商业,龙泉驿,鲸龙路（航天医院对面）,待定,20000,0
隆基泰和铂悦山,住宅,龙泉驿,"北京路66号(地铁二号线书房站,永辉超市对面)",待定,价格待定,0
棕榈印象,住宅,龙泉驿,成洛大道西河段,92-129㎡,5000,0
泰华锦城,住宅,龙泉驿,大面镇西干道青台山路（龙城一号8号门对面）,50-71㎡,8500,46
东韵雅园,住宅,龙泉驿,西河镇成洛大道(成洛路西南食品城左侧),99-110㎡,7700,0
成龙1号,别墅,龙泉驿,阳光大道2号,453㎡,16000,679
百悦城plus,住宅,龙泉驿,大面街道金桉路1号,112-214㎡,12000,147
三盛都会城,商业类,龙泉驿,龙华路东侧三盛都会城,42-63㎡,7500,32
中心城,住宅,龙泉驿,北泉路龙泉二中旁,72-126㎡,6750,0
东麓驿境四期,别墅,龙泉驿,龙泉公园路一段258号,108㎡,15000,0
招商依云上城,住宅,龙泉驿,西河镇成洛大道（西南食品城旁）,90-129㎡,8630,5
林溪美城,住宅,龙泉驿,阳光大道15号,90-116㎡,价格待定,0
海亮彩悦府,底商,龙泉驿,驿都大道西路中国铁建国际城东100米,待定,17000,0
百悦城plus,底商,龙泉驿,大面街道金桉路1号,待定,25000,0
海亮彩悦府,住宅,龙泉驿,"驿都大道北海亮彩悦府, 至善南路100号",81㎡,11000,0
华府幸福城,底商,龙泉驿,阳光城幸福大道333号,待定,35000,0
华府幸福城,商业,龙泉驿,阳光城幸福大道333号,待定,32000,0
百悦城云景,底商,龙泉驿,大面街道天鹅西湖南路899号,待定,30000,0
皇冠湖壹号,底商,龙泉驿,桃都大道中段999号,待定,30000,0
百悦城云景,商业,龙泉驿,大面街道天鹅西湖南路899号,待定,30000,0
天府逸家二期,底商,龙泉驿,成龙大道二段天府逸家,待定,27000,0
卧龙谷壹号,住宅,龙泉驿,新建路99号,152-194㎡,16200,250
蓝光公园华府,住宅,龙泉驿,成龙大道金枫路,138-168㎡,价格待定,0
皇冠湖壹号二期,住宅,龙泉驿,桃都大道中段999号,待定,12000,0
华润国际社区,底商,龙泉驿,成龙大道二段与金枫路交汇处,待定,23000,0
招商依云上城,底商,龙泉驿,西河镇成洛大道（西南食品城旁）,待定,25000,0
保利紫薇花语,底商,龙泉驿,车城西三路666号,待定,40000,0
保利玫瑰花语,底商,龙泉驿,龙城大道保利玫瑰花语,待定,22600,0
金科东方雅郡,底商,龙泉驿,成龙大道车城西三路,待定,23000,0
炜岸城二期,别墅,龙泉驿,驿都西路3666号,222-265㎡,价格待定,615
天府逸家一期,底商,龙泉驿,金枫路与青台山路交叉口西150米,待定,28000,0
天府逸家一期,商业,龙泉驿,金枫路与青台山路交叉口西150米,待定,28000,0
天府逸家二期,商业,龙泉驿,成龙大道二段天府逸家,待定,27000,0
恒大御龙天峰,住宅,龙泉驿,龙泉阳光城锦绣路与同安路交汇处,106-113㎡,9700,100
东能财富广场,商业类,龙泉驿,彩虹大道南段123号,59㎡,9500,52
寰宇君汇城,住宅,龙泉驿,合菱西路9号,73-98㎡,7500,76
东山领地,商业,龙泉驿,龙泉驿成龙大道与成简快速通道交汇处（芦溪河六国公园旁）,待定,16000,0
东山领地,底商,龙泉驿,龙泉驿成龙大道与成简快速通道交汇处（芦溪河六国公园旁）,待定,16000,0
绿林书院,商业,龙泉驿,鲸龙路960号（新龙中对面）,待定,13000,0
绿林书院,底商,龙泉驿,鲸龙路960号（新龙中对面）,待定,13000,0
华润云庭,住宅,龙泉驿,成龙大道金枫路（川师成龙校区旁）,待定,8750,0
中心城,底商,龙泉驿,北泉路龙泉二中旁,待定,50000,0
招商依云上城,商业,龙泉驿,西河镇成洛大道（西南食品城旁）,待定,30000,0
桃都四季花城,住宅,龙泉驿,桃都大道中段999号,待定,14000,0
世茂城三期,商业,龙泉驿,龙泉驿天鹅西湖南路6号（成龙大道和天鹅西湖南路交汇处）,待定,32000,0
卧龙谷壹号,别墅,龙泉驿,新建路99号,待定,价格待定,0
卧龙谷玖号,住宅,龙泉驿,大面镇街道公园大道以西（天鹅湖公园旁）,178-196㎡,350,330
卧龙谷玖号,别墅,龙泉驿,大面镇街道公园大道以西（天鹅湖公园旁）,待定,价格待定,0
壹中心,底商,龙泉驿,北京路138号（南临驿都大道，西临翠龙路）,待定,20000,0
雄飞生活广场,底商,龙泉驿,西河镇成洛大道3199号（九峰国际汽车成附近）,待定,25000,0
龙都国际,底商,龙泉驿,龙都北路399号,待定,25000,0
三盛都会城,住宅,龙泉驿,龙华路东侧三盛都会城,待定,价格待定,0
天悦龙栖台,住宅,龙泉驿,龙都北路533号,119-142㎡,价格待定,0
融创天府逸家三期,底商,龙泉驿,天鹅西湖南路与金茶路交叉口（北大附小正对面）,待定,27000,0
果壳里的城,商业,龙泉驿,北泉路1188号,待定,26000,0
金科东方雅郡三期,商业,龙泉驿,成龙大道车城西三路,待定,13000,0
金科东方雅郡一期,商业,龙泉驿,车城西三路,待定,40000,0
中粮御嶺湾,别墅,龙泉驿,同安镇阳光城阳光大道138号,450㎡,2500,720
金科东方雅郡,住宅,龙泉驿,成龙大道车城西三路,76-81㎡,价格待定,0
成龙1号,住宅,龙泉驿,阳光大道2号,待定,5800,0
天府逸家二期,住宅,龙泉驿,成龙大道二段天府逸家,待定,8800,0
炜岸城一期,住宅,龙泉驿,驿镇驿都西路3666号,122-158㎡,8600,0
雄飞生活广场,住宅,龙泉驿,西河镇成洛大道3199号（九峰国际汽车成附近）,待定,7600,0
世茂城三期,住宅,龙泉驿,龙泉驿天鹅西湖南路6号（成龙大道和天鹅西湖南路交汇处）,118-142㎡,14200,0
金茂悦龙山,商业类,龙泉驿,车城西五路99号,37-47㎡,8000,36
北大资源紫境东来,别墅,龙泉驿,桃都大道中段766号,待定,价格待定,0
电建地产洺悦御府,住宅,龙泉驿,兴业大道198号,114-235㎡,价格待定,0
世茂璀璨天城,住宅,龙泉驿,成龙大道二段世茂璀璨天城,113-133㎡,12700,134
隆基泰和铂悦山,底商,龙泉驿,"北京路66号(地铁二号线书房站,永辉超市对面)",待定,30000,0
幸福东方白桦林,住宅,龙泉驿,成洛大道5632号,134㎡,8300,27
华润置地云庭润街,商业,龙泉驿,金枫路68号,待定,价格待定,0
华侨城尔雅小院,别墅,龙泉驿,洛带三峨街999号,待定,价格待定,0
第九空间大厦,写字楼,龙泉驿,翠龙街66号,待定,7400,0
新希望锦麟府,住宅,龙泉驿,成都市车城西四路177号,135-148㎡,21000,257
合谊乐湖,商业类,龙泉驿,十陵街道蜀王大道南段888号,54㎡,13500,9
幸福东方白桦林,商业类,龙泉驿,成洛大道5632号,62㎡,6700,63
学府金街,商业,龙泉驿,桃都大道中段999号（果壳里的城对面）,待定,15000,0
左岸名都,住宅,龙泉驿,西江大道555号,待定,7800,0
铂金汇,商业,龙泉驿,翠龙街附近（地铁2号线书房站永辉超市对面）,待定,35000,0
北大资源紫境东来,住宅,龙泉驿,桃都大道中段766号,138-148㎡,13800,175
能投阳光里,住宅,龙泉驿,龙都北路93号,77-205㎡,9300,61
卓越樾山府,住宅,龙泉驿,成龙大道与鲸龙路交汇处,待定,价格待定,0
天悦龙栖台,底商,龙泉驿,龙都北路533号,待定,价格待定,0
领地溪山蘭台,别墅,龙泉驿,华信大道998号,待定,价格待定,0
帝一广场,商业,龙泉驿,龙都北路与建材路交汇处,待定,价格待定,0
寰宇君汇城,底商,龙泉驿,菱西路9号,待定,50000,0
寰宇君汇城,商业,龙泉驿,菱西路9号,待定,价格待定,0
寰宇君汇城,写字楼,龙泉驿,菱西路9号,待定,价格待定,0
凯德卓锦万黛,商业,龙泉驿,成龙大道二段（川师成龙校区旁）,待定,价格待定,0
锦丰首席,底商,龙泉驿,阳光大道99号,待定,价格待定,0
隆基泰和铂悦山,写字楼,龙泉驿,地铁二号线书房站（永辉超市对面）,待定,6500,0
新希望锦麟府,别墅,龙泉驿,车城西四路177号,待定,价格待定,0
中海御湖世家,住宅,龙泉驿,蜀王大道北段中海御湖世家,106-149㎡,19960,0
东山府锦,住宅,龙泉驿,成龙大道佳美路口,待定,价格待定,0
金泉香槟城,底商,龙泉驿,西河大道295号,待定,29000,0
中海御湖世家,商业类,龙泉驿,十陵街办中街260号,待定,价格待定,0
中海御湖世家,商业,龙泉驿,十陵街办中街260号,待定,价格待定,0
中海御湖世家,底商,龙泉驿,十陵街办中街260号,待定,价格待定,0
合谊乐湖,别墅,龙泉驿,十陵街道蜀王大道南段888号,179㎡,314.1,1
梵悦里,住宅,龙泉驿,龙泉驿区成龙大道与鲸龙路交汇处（鲸龙路834号）,待定,价格待定,0
首开龙湖景粼玖序,住宅,龙泉驿,十陵街道友谊西路,待定,价格待定,0
锦丰首席,住宅,龙泉驿,阳光大道99号,91-102㎡,8300,75
中梁壹号院,住宅,龙泉驿,十陵洪路中段 288 号,100-132㎡,21115,15
昂世半山观邸,住宅,龙泉驿,同安街道办事处阳光大道8号(博瑞花园酒店对面),104-219㎡,9000,0
帝一广场,住宅,龙泉驿,龙都北路与建材路交汇处,115㎡,价格待定,71
电建地产云立方,住宅,龙泉驿,成龙大道与龙城大道交汇处云立方,待定,价格待定,0
龙腾东麓城,住宅,龙泉驿,歇凉关路888号,75-112㎡,8900,0
林溪康城,住宅,龙泉驿,同安街办幸福路99号,78-102㎡,8200,0
上龙门,商业类,龙泉驿,龙泉驿十陵镇东洪路中段166号（东三环十陵立交旁）,40㎡,14800,0
新城吾悦广场,住宅,龙泉驿,地铁二号线书房站（龙工北路）,待定,6700,0
电建地产云立方,商业类,龙泉驿,成龙大道与龙城大道交汇处云立方,60㎡,14000,0
实地海棠名著,住宅,青白江,凤凰西七路28号,95-113㎡,9000,107
凤凰名城,住宅,青白江,华金大道三段55号（大弯中学旁）,51-118㎡,7400,38
公园世家,住宅,青白江,凤凰大道二段699号,84-157㎡,7000,92
瑞居海布斯卡,住宅,青白江,栖凤街281号,113-123㎡,7450,53
天府欧城,底商,青白江,凤凰西七路31号,待定,27000,0
天府欧城,商业类,青白江,凤凰西七路31号,35-42㎡,6500,0
协信天骄城,住宅,青白江,凤凰大道一段198号,74-124㎡,7450,80
听湖九园,住宅,青白江,凤凰东二路99号,94-117㎡,8300,80
万科时代之光,住宅,青白江,凤祥大道2段万科时代之光,97-118㎡,10000,116
凤凰盛景,住宅,青白江,凤祥大道1699号凤凰盛景,95-118㎡,7700,81
天府欧城,商业,青白江,凤凰西七路31号,待定,27000,0
新力翡翠湾,住宅,青白江,红阳路500号,84-111㎡,7000,61
凤凰1号,住宅,青白江,凤凰大道二段888号（凤凰湖公园正对面）,待定,价格待定,0
嘉和瑞景,住宅,青白江,华逸路111号,待定,4000,0
嘉合凤凰岛,住宅,青白江,凤凰大道二段765号,89-225㎡,9200,82
广泽长河郡,住宅,青白江,学苑路456号（大弯中学旁边）,待定,4222,0
瀚城国际,住宅,青白江,凤凰西六路28号,98-103㎡,7250,0
天府欧城,住宅,青白江,凤凰西七路31号,待定,7900,0
蝴蝶洲,住宅,青白江,凤翔大道1266号,65-98㎡,7500,75
佳飞国际建材家居市场,商业,青白江,弥牟镇仁寿路199号,待定,11000,0
誉府仕家,住宅,青白江,凤凰大道三段8号（凤凰湖公园正面对面）,98-123㎡,8500,74
广泽长河郡,商业,青白江,学苑路456号（大弯中学旁边）,待定,15000,0
广泽长河郡,底商,青白江,学苑路456号（大弯中学旁边）,待定,11000,0
尚林幸福城,住宅,青白江,青白江同华大道以北、凤凰路以西（凤凰湖旁边）,66-91㎡,7500,49
合谊同华,住宅,青白江,华逸中路999号,111㎡,8500,0
合谊同华,别墅,青白江,华逸中路999号,127㎡,9500,0
同华生态商业广场,商业,青白江,同华大道1218号,待定,6000,0
嘉和世纪城,住宅,青白江,凤凰大道西二段138号,109㎡,7300,83
金科博翠天宸,住宅,青白江,凤祥大道1019号,87-138㎡,10000,101
虹信大厦,住宅,青白江,青白江化工北路18号,待定,6300,0
天誉,住宅,青白江,华金大道3段1号金龙广场,109-148㎡,6800,87
美的新城公园天下,住宅,青白江,凤凰大道一段88号,87-130㎡,8000,98
佳兆业悦府,住宅,青白江,凤祥大道佳兆业悦府,94-140㎡,7500,75
蓝光公园锦汇,住宅,青白江,凤凰西二路蓝光公园锦汇,待定,价格待定,0
悦荟时代广场,商业,青白江,华金大道三段66号,待定,24000,0
建工梧桐屿,住宅,青白江,青白江凤祥大道建工梧桐屿,101-143㎡,7300,74
天和绣水岸,住宅,青白江,大东街天和绣水岸,待定,6800,0
悦荟时代广场,底商,青白江,华金大道三段66号,待定,18000,0
天和悦城,住宅,青白江,凤凰大道北侧天河悦城,58-138㎡,6600,0
天和睿城,住宅,青白江,红阳路天和睿城,92-180㎡,8000,67
新城悦隽盛世,住宅,青白江,大同路（钱江凤凰城旁）,95-135㎡,10800,102
天誉,底商,青白江,华金大道3段1号金龙广场,待定,21,0
美的澜桥郡,住宅,青白江,中国·成都·国际铁路港旁（北自贸区香岛大道）,待定,价格待定,0
棠湖清江花语,住宅,青白江,同金街366号,106-118㎡,7000,70
花样年江山,住宅,青白江,华金大道四段花样年江山,待定,9900,0
西街上院,住宅,青白江,金渊路81号,待定,价格待定,0
怡湖玫瑰苑,住宅,青白江,清江北路（怡湖公园旁）,106㎡,8800,0
瀚城新天地,住宅,青白江,学苑路218号,96-109㎡,7400,70
城投美庐,住宅,青白江,成都市青白江区华逸中路,待定,价格待定,0
青龙国际建材装饰城,商业,青白江,青白江大道2666号,待定,8500,0
悦荟时代广场,商业类,青白江,华金大道三段66号,待定,6000,0
美的新城公园天下,商业,青白江,凤凰大道一段88号,待定,价格待定,0
凤凰盛景,底商,青白江,凤祥大道凤凰盛景,待定,价格待定,0
实地海棠名著,商业,青白江,凤凰西七路28号,待定,价格待定,0
新力翡翠湾,底商,青白江,红阳路500号,待定,价格待定,0
蜀青丽晶府,住宅,青白江,青华东路248号,82-107㎡,6200,55
瀚城悦府,住宅,青白江,青白江凤祥大道文体中心对面,待定,价格待定,0
青白江天美广场,商业类,青白江,大弯东路8号,38㎡,7500,30
青白江天美广场,底商,青白江,大弯东路8号,待定,32000,0
星徽城,住宅,青白江,青白江区凤凰西二路与凤祥大道交汇处嘉和世纪城斜对面,待定,14500,0
蓝光公园锦汇,商业,青白江,凤凰西二路蓝光公园锦汇,待定,价格待定,0
蜀青丽晶府,底商,青白江,青华东路248号,待定,价格待定,0
建工梧桐屿,别墅,青白江,青白江凤祥大道建工梧桐屿,待定,价格待定,0
城投美庐,商业,青白江,华逸路城投美庐,待定,价格待定,0
花样年江山,底商,青白江,华金大道四段花样年江山,待定,价格待定,0
花样年江山,商业,青白江,华金大道四段花样年江山,待定,价格待定,0
万科碧桂园悦海园,住宅,青白江,同华大道万科碧桂园悦海园,86-98㎡,8500,73
和悦美居,住宅,青白江,红阳华金大道二段694号,待定,价格待定,0
天美广场,商业,青白江,大弯东路与大弯北路交汇处（原老川化中学旧址）,待定,价格待定,0
佳欣时代天汇,商业类,新都,北星大道二段588号,46-67㎡,7980,2
东湖郡一期,底商,新都,新繁镇文庙街88号,待定,20000,0
东湖郡,底商,新都,新繁镇文庙街88号,待定,20000,0
新希望锦悦北府,住宅,新都,兴贸路1288号,117-122㎡,12500,140
北城红街,商业类,新都,金凤凰大道555号,33-70㎡,9400,31
城北优品道,商业,新都,北星大道与大天路交汇处(十字路口出城方向右侧）,待定,20000,0
中洲·中央公园,别墅,新都,新都蜀龙大道中段（198公园对面）,198-225㎡,20000,396
华都九龙广场,商业类,新都,物流大道与蓉都大道交汇处,76-95㎡,7500,89
世玺,住宅,新都,新繁镇滨江西路北侧,93-130㎡,6900,17
鑫北广场,商业类,新都,新都区斑竹园镇北星大道与兴城大道交汇处,67-118㎡,8210,55
优品道珑苑,底商,新都,新成彭路大天路出口左侧（博雅新城旁）,待定,40000,0
城北优品道,底商,新都,北星大道与大天路交汇处(十字路口出城方向右侧）,待定,25000,0
创想大厦,商业类,新都,兴城大道1955号,48-75㎡,8380,41
蜜立方,底商,新都,大丰镇南丰大道658号,待定,27000,0
世玺,别墅,新都,新繁镇滨江西路北侧,279㎡,10000,279
桂湖名城二期,商业类,新都,电子路中段144号,35-37㎡,9300,33
半岛云著,住宅,新都,龙桥镇政府西北方向200米,99-149㎡,9850,97
华都九龙广场,底商,新都,蓉都大道南四段,待定,18000,0
汇尚城,商业类,新都,家具大道519号,92㎡,6800,63
汇尚城,底商,新都,家具大道519号,待定,18000,0
佳乐国际城四期,底商,新都,蜀龙大道南段777号,待定,24000,0
和信•玲珑府,住宅,新都,天缘路二段109号,126-144㎡,9000,113
奥园玖俪湾,住宅,新都,中利路奥园玖俪湾,98-127㎡,12950,9
蜀尚雅筑,底商,新都,东环路147号,待定,价格待定,0
奥园玖俪湾,别墅,新都,中利路奥园玖俪湾,待定,14000,0
世玺,商业,新都,新繁镇滨江西路北侧,待定,13000,0
世玺,底商,新都,新繁镇滨江西路北侧,待定,13000,0
春天里,住宅,新都,食品路68号,72-104㎡,5500,40
碧桂园上观,别墅,新都,新都区三河街道碧桂园上观1号,159-167㎡,17000,3
润帛公馆,商业类,新都,成都市新都区斑竹园镇兴城大道1689号,26-59㎡,7500,5
丰怡阳光,住宅,新都,崇义桥北街丰怡阳光,74-90㎡,5500,0
东骏湖景湾六期,住宅,新都,马超东路555号,待定,12000,0
绿地城,住宅,新都,北新大道与天丰路交汇处,待定,8500,0
桂湖名城二期,住宅,新都,电子路(原红光七分厂),80-90㎡,5000,0
保利爱尚里,住宅,新都,北星大道与甫家二路东段交汇处,95-120㎡,9500,0
富豪公馆,住宅,新都,兴乐北路600号,92-169㎡,12000,4
合能珍宝锦城,住宅,新都,北星大道与兴城大道交汇处（海宁皮革城斜对面）,91-105㎡,6000,0
优品道珑苑,住宅,新都,新成彭路大天路出口左侧（博雅新城旁）,待定,8500,0
保利大都汇|君汇,住宅,新都,北星大道与大天路交汇处,95-126㎡,11300,0
城北优品道,商业类,新都,北星大道与大天路交汇处(十字路口出城方向右侧）,待定,23,0
融创凯旋东岸,住宅,新都,新成彭路大天路出口左侧,80-92㎡,9000,0
家益凤凰富居,住宅,新都,大丰街道甫家一路289号,88-94㎡,价格待定,0
万科金域缇香二期,住宅,新都,地铁3号线三河场地铁出站口,115-128㎡,12400,0
爵领欧城,住宅,新都,江陵路335号,待定,7000,0
和信香榭澜郡,住宅,新都,新都大道（成都医学院旁）,待定,6800,0
明都汇,商业类,新都,斑竹园南华路和竹韵大道交汇处,待定,7800,0
保利城四期中央郡,住宅,新都,北新大道东,92-126㎡,9800,0
圣迈德广场,商业类,新都,大丰蓉北路二段,待定,9000,0
新派客,住宅,新都,蓉都大道南二段133号,待定,价格待定,0
东湖郡,住宅,新都,新繁镇文庙街88号,75㎡,6999,0
凤凰山1号,住宅,新都,大丰三环凤凰山森林公园凤凰山1号,待定,5900,0
万科五龙山蓝山别墅,别墅,新都,龙秀路89号,待定,450,0
保利湖心岛,别墅,新都,三环成金青大道狮子湖生态区入口,175-200㎡,17000,0
保利狮子湖,别墅,新都,蜀龙路与熊猫大道交汇处东行300米,148-184㎡,200,0
海伦国际一期,别墅,新都,电子路172号,待定,150,0
北领峰尚,住宅,新都,北新大道斑竹园毗河生态开发区竹柳路118号,待定,9500,0
友盛上都,商业类,新都,新都大道同仁路口（石油大学旁）,待定,6500,0
桂花香邻,住宅,新都,圣谕亭巷169号,83㎡,6100,0
恒大上林苑,住宅,新都,泰兴镇白鹤岛风景区（新石路与成金青交汇处）,待定,7700,0
美林国际社区,住宅,新都,繁川家具大道957号,待定,10000,0
香江紫钻,住宅,新都,新繁镇列维士路369号（龙桥家具园区）,148㎡,5000,74
恒大上林苑,别墅,新都,泰兴镇白鹤岛风景区（新石路与成金青交汇处）,待定,价格待定,0
丰瑞玺悦城,住宅,新都,大丰街道南丰大道494号,待定,6300,0
香城润园,住宅,新都,新民镇新河西街（大成街旁）,待定,4500,0
锦华苑二期,住宅,新都,石板滩镇新华街1号,待定,4300,0
和信天骄府,商业类,新都,工业大道西段67号,待定,8600,0
佳乐国际城一期,商业,新都,三河蜀龙大道南段777号,待定,3200,0
华都九龙广场,商业,新都,蓉都大道南四段,待定,9600,0
保利湖心岛,住宅,新都,三环成金青大道狮子湖生态区入口,119-136㎡,12500,9
佳乐国际城一期,底商,新都,三河蜀龙大道南段777号,待定,13000,0
万科五龙山璞院,住宅,新都,三河街道叠秀路1999号（五龙山公园内）,120-140㎡,13700,0
荣盛香堤荣府,住宅,新都,蜀龙大道南段中央森林公园泥巴沱风景区,待定,8100,0
北欧知识城二期,商业类,新都,北星大道西侧（毗河香城大桥畔 ）,待定,6500,0
海伦国际二期,底商,新都,博海路83号,待定,30000,0
五岳合福地广场,底商,新都,花都大道433号,待定,16000,0
圣桦公馆,住宅,新都,蓉都大道北段298号,待定,7600,0
龙湖听蓝湾,住宅,新都,大丰北星大道(方元路与新水碾路交汇处),130-138㎡,12293,81
保利城四期中央郡,底商,新都,北新大道东,待定,40000,0
鑫北广场,商业,新都,北星大道二段757号,待定,19000,0
蓝光花满庭三期,底商,新都,太平碑路100号,待定,60000,0
融创凯旋公馆,底商,新都,润丰路100号,待定,12000,0
融创凯旋公馆,商业,新都,润丰路100号,待定,36000,0
源上湾国际社区四期,底商,新都,北新干道毗河畔（香城大桥旁）,待定,10000,0
家益凤凰富居,底商,新都,大丰街道甫家一路289号,待定,16000,0
三佳悦都,底商,新都,北大门川陕路（蓉都大道润扬双河鹭岛旁）,待定,7500,0
三佳悦都,商业,新都,北大门川陕路（蓉都大道润扬双河鹭岛旁）,待定,8600,0
北新国际广场,底商,新都,互惠大道北新国际,待定,25000,0
新都城市之心,底商,新都,文家一巷188号,待定,40000,0
莱茵北郡三期,底商,新都,蜀龙大道三河场段（保利公园198旁）,待定,20000,0
盛世华庭,底商,新都,龙桥镇南街（老加油站斜对面）,待定,16000,0
我的大学,底商,新都,同仁路199号,待定,28000,0
香榭河畔,底商,新都,蓉都大道绕城高速入口1公里以西（毗河畔）,待定,25000,0
友盛上都,底商,新都,新都大道同仁路口（石油大学旁）,待定,20000,0
绿地城,底商,新都,北新大道与天丰路交汇处,待定,18000,0
恒大御府,住宅,新都,宝光桂湖文化区新新路560号,105-141㎡,8900,45
佳乐国际城四期,住宅,新都,三河镇蜀龙路南段777号,待定,10550,0
欧尚花园,住宅,新都,繁崇路198号（锦绣广场对面）,待定,5000,0
荣盛香堤荣府,商业,新都,蜀龙大道南段中央森林公园泥巴沱风景区,待定,10000,0
和信天骄府,底商,新都,工业大道西段67号,待定,24600,0
和信天骄府,商业,新都,工业大道西段67号,待定,24500,0
香城润园,底商,新都,新民镇新河西街（大成街旁）,待定,15000,0
北新上锦,底商,新都,北星大道大成路南段,待定,25000,0
欧尚花园,商业,新都,繁崇路198号（锦绣广场对面）,待定,14000,0
龙域天地,商业类,新都,108国道与货运大道交汇处（佳飞建材对面）,39-80㎡,7800,29
雄飞北尚广场,商业类,新都,新都成都北大门川陕路（蓉都大道和兴城大道交界点）,108㎡,8500,0
润扬观澜鹭岛,住宅,新都,三河街道曲景路666号育英路与绕城大道交口,115-126㎡,10000,0
一品雅居,底商,新都,学院路东段189号,待定,26800,0
缤纷翡翠湾,住宅,新都,北部商贸城竹韵大道（毗河旁）,待定,9300,0
我的大学,商业,新都,同仁路199号,待定,240,0
和瑞里,住宅,新都,新繁镇繁清路483号,116㎡,价格待定,0
融创凯旋东岸,商业,新都,新成彭路大天路出口左侧,待定,14000,0
富力桃园C区,住宅,新都,兴城大道755号,83-108㎡,8500,0
保利狮子湖,住宅,新都,蜀龙路与熊猫大道交汇处东行300米,90-142㎡,12000,149
和信沪丰领地,商业类,新都,金虎路27号,44-88㎡,9800,0
雄飞北尚广场,底商,新都,新都成都北大门川陕路（蓉都大道和兴城大道交界点）,79㎡,27000,0
佳乐国际城一期,住宅,新都,三河蜀龙大道南段777号,待定,6300,0
融创凯旋公馆,住宅,新都,润丰路100号,待定,6200,0
融创凯旋东岸,底商,新都,新成彭路大天路出口左侧,待定,17600,0
万科金域缇香二期,底商,新都,三河街道蓉香中路199号,待定,19500,0
博雅新城红墙巷,商业,新都,大丰街道丰安路口（金丰高架出口西侧）,待定,11000,0
传化国际新城,住宅,新都,大件路传华国际新城,128㎡,12000,0
莱茵北郡三期,住宅,新都,蜀龙大道三河场段（保利公园198旁）,86-95㎡,6100,0
源上湾国际社区四期,住宅,新都,北新干道毗河畔（香城大桥旁）,88-106㎡,6500,0
七一森林城市花园,住宅,新都,新泰东路71号,125-163㎡,12300,260
和信中心,商业类,新都,天香南路366号,待定,14500,0
德益金龙郡,住宅,新都,龙桥镇紫金路68号,99-119㎡,9800,02
半岛云著,底商,新都,龙桥镇政府西北方向200米,待定,10450,0
蓉海东悦华府二期,住宅,新都,石板滩镇老城区东风西街（石板滩镇政府旁）,待定,5800,0
保利都汇小户,写字楼,新都,金牛区北新大道与大天路交汇处,待定,9000,0
汉嘉国际社区,住宅,新都,马超东路518号,待定,价格待定,0
保利拉斐庄园,别墅,新都,三环路蜀龙路（熊猫基地旁）,待定,价格待定,0
泽瀚峰景,住宅,新都,香城大道华桂路段185号,待定,9000,0
朗基香樾府,住宅,新都,大丰街道先驱大道与大天路交汇处 ,128-149㎡,12000,12
融侨悦蓉城,住宅,新都,北三环•南丰大道•地铁5号线（在建中）皇花园站,待定,价格待定,0
和瑞里商铺,商业,新都,新都区新繁镇繁清路483号,待定,19000,0
天升时代大厦,写字楼,新都,成都市新都区泰兴镇成青金快速通道北侧（成都一镇对面）,待定,6800,0
格林城市花园,住宅,新都,毕达路256号,待定,价格待定,0
百郦锦城,住宅,新都,工业大道东段308号,104-119㎡,10942,105
万科金域缇香三期,住宅,新都,[ 新都 - 三河场 ] 地铁3号线三河场站,待定,11000,0
龙湖听蓝时光,商业类,新都,方营路龙湖听蓝时光,待定,9800,0
鲜花优活居,商业,新都,新都大道（西南石油大学旁）,37㎡,20000,0
浩圆名商天下,商业,新都,新都绕城高速与成金青快速通道交汇处（中国塑料城旁）,待定,25000,0
思学园智能村,商业,新都,新都蜀龙大道北段226号,待定,16000,0
香江全球家居CBD核心馆,商业,新都,繁川家具大道南段278号,待定,7000,0
中国四川贵达茶都,商业,新都,万石路与新竹大道交汇处,待定,16000,0
蜀尚雅筑,商业,新都,东环路147号,待定,价格待定,0
榕晟水岸丽府,住宅,新都,清流镇顺河中街38号,66-148㎡,5898,05
蓝湾公馆,住宅,新都,成彭路蓝湾公馆,待定,8000,0
入帘青,住宅,新都,大丰街道蓉北大道（成彭路与华美路交汇处）,待定,价格待定,0
新派客,商业类,新都,蓉都大道南二段133号,36㎡,9000,0
元贞国际机械城,商业,新都,成都市新都区承顺街372号（新都物流中心旁）,待定,15000,0
天湖豪布斯卡,商业,新都,斑竹园镇新竹大道与北星大道交汇处,待定,价格待定,0
中润欧洲城,商业,新都,成都市新都区龙桥会展大道（新都家具园区旁）,待定,价格待定,0
华润置地·琨瑜府,住宅,新都,北星大道华润置地·琨瑜府,143㎡,12399,0
家益凤凰富居,商业,新都,大丰镇大丰街道甫家一路289号,待定,10000,0
和信香榭澜郡,底商,新都,新都大道（成都医学院旁）,待定,24000,0
蓉海东悦华府,住宅,新都,石板滩镇老城区东风西街（石板滩镇政府旁）,待定,12000,0
保利湖心岛,商业,新都,成金青大道.狮子湖生态区内,待定,17000,0
融侨悦蓉城,别墅,新都,南丰大道融侨悦蓉城,待定,195,0
融侨悦蓉城,商业类,新都,南丰大道融侨悦蓉城,40-46㎡,55,56
龙湖听蓝湾,底商,新都,大丰北星大道(方元路与新水碾路交汇处),待定,25000,0
圣迈德广场,商业,新都,新都大丰蓉北路二段,待定,33000,0
融侨悦蓉城,商业,新都,南丰大道融侨悦蓉城,待定,60,0
七一森林城市花园,底商,新都,新泰东路71号,待定,60000,0
奥园棠玥府,商业,新都,宝光大道与桂湖西路交汇处,待定,价格待定,0
七一森林城市花园,商业,新都,新泰东路71号,待定,价格待定,0
七一森林城市花园,写字楼,新都,新泰东路71号,待定,价格待定,0
富豪公馆,底商,新都,兴乐北路600号,待定,价格待定,0
奥园玖俪湾,商业,新都,中利路奥园玖俪湾,待定,价格待定,0
蓉海东悦华府二期,商业,新都,石木路蓉海东悦华府二期,待定,15000,0
蓉海东悦华府二期,底商,新都,石木路蓉海东悦华府二期,待定,价格待定,0
白鹤一号,底商,新都,泰北街一巷9号,待定,6900,0
保利狮子湖,底商,新都,蜀龙路与熊猫大道交汇处东行300米,待定,35000,0
百郦锦城,底商,新都,蓉都大道南三段百郦锦城,待定,价格待定,0
百郦锦城,商业,新都,蓉都大道南三段百郦锦城,待定,价格待定,0
莱茵北郡三期,商业,新都,"蜀龙大道三河场段（保利公园198旁）, 厚诚路123号",待定,9000,0
外滩逸景,住宅,新都,石板滩镇新业大道四段222号,待定,价格待定,0
奥园棠玥府,住宅,新都,宝光大道与桂湖西路交汇处,待定,价格待定,0
富力桃园金街,商业,新都,兴城大道777号,待定,价格待定,0
白鹤一号,住宅,新都,泰北街一巷9号,87-124㎡,7100,57
润帛公馆,写字楼,新都,成都市新都区斑竹园镇万石路与踏水路交汇处,待定,价格待定,0
欣茂大峰景,商业,新都,华美东街455号,待定,40000,0
润茂酒店用品文博园,商业,新都,成都市新都区北部商贸城（兴城大道与万石路交汇处）,待定,价格待定,0
香满庭,住宅,新都,新都区蓉都大道南二段138号（地铁3号线团结新区站B口）,待定,价格待定,0
雄飞北尚广场,商业,新都,北大门川陕路（蓉都大道和兴城大道交界点）,待定,价格待定,0
大都保峰玖著,住宅,新都,蓉都大道与绕城大道交汇处,待定,9400,0
和信香榭澜郡,商业,新都,新都大道（成都医学院旁）,待定,价格待定,0
龙湖天鉅,商业,新都,新都区大天路与北星大道交汇处龙湖天鉅,待定,30000,0
保利爱尚里,商业类,新都,新都北星大道与甫家二路东段交汇处,待定,价格待定,0
嘉通云邸,住宅,新都,金华寺南路199号,待定,10800,0
蓉垚北尚城,住宅,新都,龙桥渭水社区老成彭路,67-90㎡,5000,0
思学园智能村,住宅,新都,蜀龙大道北段（石油大学西门对面）,71㎡,8300,46
汇景新城,住宅,新都,新泰东路144号（石油大学大转盘旁）,待定,10550,0
保利公园198观岭台,住宅,新都,蜀龙路1980号,108-156㎡,10000,0
麦田国际社区,住宅,新都,工业大道393号,待定,价格待定,0
中洲·中央公园,住宅,新都,新都蜀龙大道中段（198公园对面）,114-132㎡,10000,0
北欧知识城二期,写字楼,新都,北星大道西侧（毗河香城大桥畔 ）,待定,7300,0
蜀镇,底商,双流,草金路（永康森林公园旁、江安河畔）,待定,20000,0
花样年家天下,商业类,双流,天府五街与江安河交汇处（天府软件园E区以南）,76-173㎡,9200,180
亿城国际,商业类,双流,双流华剑路139号,38-77㎡,13000,111
棠湖泊林城,商业类,双流,华府大道三段300号,72㎡,11000,79
蓝润城,住宅,双流,银河路三段（双流体育中心旁）,108-188㎡,12000,141
金太阳江安湖1号,商业,双流,草金路金太阳江安湖1号,待定,9500,0
香楠国际,住宅,双流,涧槽中街188号,92-116㎡,13600,124
三都汇潮里,商业类,双流,华府大道二段265号,31-74㎡,13000,45
瑞华天地,商业类,双流,剑南大道南段716号,41-50㎡,12000,57
棠湖泊林城,商业,双流,华府大道三段300号,待定,18500,0
空港十六区,商业类,双流,机场路近都段112号,33-45㎡,8000,26
香楠国际,别墅,双流,涧槽中街50号,265-377㎡,16800,525
棠湖华府公园,商业类,双流,警校路二段669号,30-104㎡,9500,26
景茂誉景国际一期,商业类,双流,向楠路133号,81㎡,8500,68
金太阳江安湖1号,商业类,双流,草金路金太阳江安湖1号,53㎡,9500,46
电子科大科技园,写字楼,双流,双兴大道1号,待定,9800,0
华庭悦璟,商业类,双流,警校路一段华府悦璟,34-80㎡,10000,34
洲际华府广场,商业类,双流,华府大道三段1333号,111-118㎡,9500,105
洲际华府广场,底商,双流,华府大道三段1333号,待定,9500,0
流溪别院雅苑,住宅,双流,塔桥路三段99号,92-115㎡,12200,112
碧桂园悦府,住宅,双流,东升街道迎春桥社区星空路2段66号,待定,13300,0
融创长滩壹号,别墅,双流,川大路二段1号（四川大学江安校区旁）,203-643㎡,15700,0
蜀镇,住宅,双流,草金路西100米（永康森林公园旁、江安河畔）,115-143㎡,12800,133
金座威尼谷,住宅,双流,正通路(社保局对面),待定,9500,0
棠府锦绣城,住宅,双流,双流东升街道航园路（棠湖中学实验学校旁）,待定,7900,0
合力达卓越南城,住宅,双流,空港一路一段189号 （空港一路一段与文星正街交汇处）,68-125㎡,11000,83
德商华府天骄,商业,双流,公兴镇藕塘村5组,待定,160,0
南湖逸家二期,商业,双流,剑南大道延线（南湖公园以西）,待定,35000,0
国奥村,别墅,双流,东升街道航林路396号,待定,14000,0
温资金港华府,住宅,双流,西航港锦华路二段,待定,10000,0
万锦城,别墅,双流,"华府大道三段919号, 华府大道三段869号",待定,11000,0
华润公园九里,住宅,双流,九江镇万家街道（星空路与香榭大道交汇处）,103-128㎡,10500,0
远大林语城,别墅,双流,航空路6号,173㎡,11000,0
万科第五城,别墅,双流,观庄路18号,待定,13000,0
华新锦绣尚郡,别墅,双流,牧马山大件路1089号,待定,价格待定,0
半山卫城朴墅,别墅,双流,长兴路168号,待定,15000,0
蓝光T5,商业类,双流,西航港街道黄河中路二段388号,待定,12000,0
优品时代三期,商业类,双流,白衣上街177号,46-68㎡,10500,42
牧马山牧山湖蔚蓝卡地亚,别墅,双流,牧华路一段9号,607㎡,16000,970
九龙仓时代上城,住宅,双流,剑南大道与牧华路交汇处,98-129㎡,12000,0
远大林语城,住宅,双流,航空路6号,待定,12000,0
中信城右岸,住宅,双流,南湖西侧（剑南大道旁边）,待定,13500,0
汇都商贸城,商业类,双流,双楠大道中段888号（双楠大道与星空路交汇处）,43㎡,8500,40
隆鑫十里画卷,住宅,双流,东升镇银河路8号（双流县图书馆旁）,待定,价格待定,0
牧山高第,别墅,双流,花源镇丽景南路99号,待定,320,0
北大资源公园1898,商业,双流,金河路与西安路交汇处（凤翔湖旁）,待定,12000,0
北大资源燕楠国际,底商,双流,"东升镇航都大道与商都路交汇处(陶家院子旁), 航都大街二段756号",待定,38000,0
邦泰华府公馆,底商,双流,双华路三段(四川现代职业技术学院对面),待定,23000,0
金祥广场,底商,双流,锦里西路107号锦江时代花园南楼1406,待定,18000,0
三里花城,住宅,双流,东升街道宜城大街一段333号,73-218㎡,13500,250
南湖逸家二期,底商,双流,剑南大道延线（南湖公园以西）,待定,35000,0
中信城右岸,底商,双流,南湖西侧（剑南大道旁边）,待定,40000,0
满座,底商,双流,双流东升镇一杆旗北路29号,待定,27000,0
满座,商业,双流,双流东升镇一杆旗北路29号,待定,20000,0
北大资源公园1898,底商,双流,西安路四段89号,待定,12000,0
金座威尼谷,底商,双流,正通路(社保局对面),待定,33000,0
东立国际花城,底商,双流,航都大街四段60号,待定,30000,0
隆鑫十里画卷,底商,双流,东升镇银河路8号（双流县图书馆旁）,待定,20000,0
华润公园九里,底商,双流,星空路四段88号,待定,23000,0
威兰德小镇,底商,双流,双楠大道与白河路交叉口（双流新党校南侧）,待定,38000,0
双都会,底商,双流,北郊路39号,待定,30000,0
蓝光圣菲悦城一期,底商,双流,大件路与黄河中路二段交汇处（四川大学江安校区学生东园旁）,待定,30000,0
景茂名都东郡,底商,双流,东升街道迎春桥社区商都路619号（航都大道和商都路交汇）,待定,30000,0
三都汇朝外,底商,双流,华府大道2段265号(华阳剑南大道欧尚旁),待定,25000,0
中信城右岸,商业,双流,南湖西侧（剑南大道旁边）,待定,11000,0
金祥广场,商业类,双流,锦里西路107号锦江时代花园南楼1406,37㎡,9200,0
城南优品道,底商,双流,白衣上街177号,待定,7500,0
中国铁建西派国樾,住宅,双流,华府大道与万顺大道交汇处,228㎡,18000,456
葛洲坝紫郡蘭园,住宅,双流,西航港大道中三段888号,92-133㎡,15500,0
远大林语城南庭,住宅,双流,东升双楠大道中段星空路路口（川投国际酒店旁）,待定,价格待定,0
花样年家天下,住宅,双流,西航港街道九龙湖九组2000号,待定,价格待定,0
空港陆号,住宅,双流,机场路与黄河北路交汇处,待定,价格待定,102
蓝光T-max,商业类,双流,黄河中路二段388号,57-139㎡,12000,63
格林城,住宅,双流,长顺大道一段（长顺家园旁）,74-114㎡,14500,105
山顶上,别墅,双流,成都市双流区文星镇光电路8号（川大新校区旁）,266-313㎡,14000,0
瑞升橄榄山,别墅,双流,胜利镇燕杨路2号（维也纳森林别墅旁）,290-331㎡,13000,340
棠湖泊林城,别墅,双流,华府大道三段300号,198-384㎡,330,0
北京城建龙樾湾,住宅,双流,双楠大道银河路160号（双流运动公园旁）,待定,15000,0
碧桂园海德公园,住宅,双流,花园路2段,95-120㎡,13700,0
威兰德小镇,住宅,双流,双楠大道与白河路交叉口（双流新党校南侧）,待定,7000,0
北大资源燕楠国际,住宅,双流,"东升镇航都大道与商都路交汇处(陶家院子旁), 航都大街二段756号",96-120㎡,13500,126
国奥村,住宅,双流,东升街道航林路396号,待定,240,0
蓝光长岛国际社区五期,住宅,双流,九江街道通江社区,待定,13500,0
汇恒青楠里,商业类,双流,双楠大道中段188号,40-86㎡,9600,65
金地悦澜道,住宅,双流,万顺路二段419号,117-192㎡,18500,272
九龙仓时代小镇1号府邸,住宅,双流,东升街道航港路66号,待定,11300,0
中海云麓世家,住宅,双流,协和街道和顺路二段55号,114-141㎡,18000,222
金科领地博翠粼湖,住宅,双流,金河路1351号,137-173㎡,18000,232
旭辉金科棠府,住宅,双流,银河路六段8号,108-143㎡,17000,178
景茂誉府,商业,双流,金河路景茂誉府,待定,25000,0
北辰天麓御府,住宅,双流,港都路与航园路交叉口西北150米（双流万达旁）,154-191㎡,价格待定,0
航港大院,住宅,双流,西航港街道长江路三段11号,65-120㎡,10900,124
华润置地九里润街,商业,双流,九江街道星空路四段88号,待定,8800,0
中海云麓世家,别墅,双流,协和街道和顺路二段55号,待定,价格待定,0
中铁骑士府邸,商业,双流,协和街道剑南大道2266号（南湖公园旁）,待定,14000,0
美好家园,住宅,双流,机场路181号,待定,11000,0
绿地T7空港国际中心,商业类,双流,西航港大道二段788号,待定,13000,0
贵通御苑心悦城,商业类,双流,九江街道文楠路172号,待定,8900,0
诚园,住宅,双流,万顺路与华府大道交汇处,待定,19900,0
成都国韵村,住宅,双流,航都大街三段78号,待定,9500,0
俊豪小区,住宅,双流,长城路西街28号,74-96㎡,11800,87
瑞华天地,住宅,双流,剑南大道南段716号,待定,价格待定,0
蓝光长岛国际社区七期,住宅,双流,·统力大道永康森林公园旁,待定,14000,0
金科集美学府,住宅,双流,迎春路241号,135㎡,14000,202
花样年家天下,底商,双流,天府五街与江安河交汇处（天府软件园E区以南）,待定,30000,0
王府花园御锦苑,住宅,双流,三强西路237号,113-115㎡,11300,127
奥园天骄,住宅,双流,锦江路四段(四川文化产业职业学院旁),105-125㎡,18000,189
北京城建龙樾湾,别墅,双流,"双楠大道银河路160号（双流运动公园旁）, 银河路一段160号",382㎡,14000,573
葛洲坝紫郡蘭园,别墅,双流,西航港大道888号(文星花园斜对面),待定,价格待定,0
景茂誉府,商业类,双流,白衣上街与航都大道交界处（中心公园东侧）,待定,价格待定,0
蓝光空港TMAX,商业,双流,黄河中路二段388号,待定,11000,0
蜀镇尚楠湾,住宅,双流,九江街道马家寺社区,74-136㎡,13280,121
中铁骑士府邸,底商,双流,协和街道剑南大道2266号（南湖公园旁）,待定,价格待定,0
航港大院,商业,双流,长江路三段11号,待定,价格待定,0
香楠国际,商业,双流,涧槽中街50号,待定,价格待定,0
香楠国际,底商,双流,涧槽中街50号,待定,价格待定,0
香楠国际,写字楼,双流,涧槽中街50号,待定,价格待定,0
万锦城商铺,商业,双流,华府大道三段919号,待定,32000,0
碧桂园海德里,商业,双流,双楠大道花园路二段（双流区行政干部学校西侧300米）,待定,20000,0
佳兆业8号,底商,双流,航都大街佳兆业8号,待定,25000,0
景茂誉景国际,写字楼,双流,双楠大道三段（出城方向辅路内侧）,待定,价格待定,0
三盛翡俪山,别墅,双流,燕扬路3号,待定,9500,0
锦镇香墅,别墅,双流,藏卫路北一段156号,235-238㎡,价格待定,457
中川商贸城,商业,双流,星空路四段355号,待定,13500,0
中川商贸城,商业类,双流,星空路四段355号,34-91㎡,9000,34
协信星鹭原,别墅,双流,维新街协信星鹭园一期,156-270㎡,12000,170
华庭悦璟,住宅,双流,警校路一段华府悦璟,待定,价格待定,0
润扬19,住宅,双流,长江路二段5号附7号,88-113㎡,价格待定,0
蓝光长岛国际社区商铺,商业,双流,统力大道永康森林公园旁,待定,20000,0
光明蓉府,住宅,双流,牧华路三段,待定,价格待定,0
棠府锦绣城,商业类,双流,双流东升街道航园路（棠湖中学实验学校旁）,87-120㎡,9800,86
棠府锦绣城,底商,双流,城北上街499号,待定,30000,0
中旅•名门府,住宅,双流,双楠大道三段（南辰汇都旁）,100-136㎡,价格待定,0
川网国际花园,住宅,双流,白衣上街二段266号,待定,价格待定,0
碧桂园海德ONE99,商业类,双流,花园路二段,待定,价格待定,0
明城购物中心住宅,住宅,双流,西安路一段156号,待定,价格待定,0
北辰天麓御府,底商,双流,航园路北辰天麓御府,待定,价格待定,0
碧桂园海德公园,底商,双流,花园路2段,待定,20000,0
空港星汇,商业,双流,川大路空港星汇,待定,价格待定,0
光明蓉府,商业,双流,牧华路三段光明蓉府,待定,价格待定,0
棠湖华府公园,商业,双流,警校路二段669号,待定,价格待定,0
锦镇,别墅,双流,东升镇藏卫路155号（中心公园以东3000米）,238㎡,18000,476
成都新天地二期春天里,住宅,双流,白家段19号（圣菲town城斜对面）,80-92㎡,7000,0
贵通御苑映月湾,住宅,双流,东升街道银河路2222号（双流规划展览馆对面）,待定,8500,0
中铁骑士府邸,住宅,双流,协和街道剑南大道2266号（南湖公园旁）,67-96㎡,价格待定,124
正昌幸福岭,住宅,双流,东升街道三强北路三段59号,43-54㎡,9200,0
贵通御苑雙楠城,住宅,双流,双楠大道与白衣上街交界处（蛟龙紫荆电影院对面）,待定,8000,0
国航凤凰苑,别墅,双流,黄水镇燕阳路7号,待定,7800,0
香瑞楠府,住宅,双流,东升镇星空路二段（航都路与航园路交叉口）,待定,8000,0
萨尔茨堡,别墅,双流,牧马山新城区云岭路（国际高尔夫球场对面）,待定,13500,0
佳兆业8号,住宅,双流,航都大街佳兆业8号,待定,价格待定,0
鑫海天城,住宅,邛崃,318国道与拱辰路交汇处,待定,11000,0
星星南河郡,住宅,邛崃,临邛镇凤凰大道66号,待定,4000,0
悦府,住宅,邛崃,文君街办凌云街279号,待定,8000,0
悦府,别墅,邛崃,文君街办凌云街279号,待定,9500,0
有美巷子,商业,邛崃,临邛镇南街324号,待定,价格待定,0
北大资源颐和天宸,住宅,邛崃,文南路与翠荫街交汇处,待定,价格待定,0
上林郡,住宅,邛崃,长安大道725号,待定,价格待定,0
阳光里,住宅,邛崃,邛崃凤凰大道828-834号,待定,价格待定,0
高宇南湾,住宅,邛崃,河滨路北侧文南路东侧,待定,7500,0
翡翠滨江,住宅,邛崃,河滨路北侧文南路西侧翡翠湾,待定,价格待定,0
恒大未来城,底商,温江,温泉大道二段,待定,32000,0
金河谷五期,别墅,温江,涌泉街道江浦路2666号,357-411㎡,680,02
佳年华新生活,商业,温江,江安路518号,待定,4500,0
千禧河畔B区,底商,温江,江安路196号,待定,210,0
洲际亚洲湾B区,底商,温江,光华大道三段江浦路288号,待定,30000,0
积家御景,底商,温江,南熏大道二段875号（南熏大道和柳林路交汇处）,待定,30000,0
佳年华新生活,底商,温江,江安路518号,待定,25000,0
佳兆业丽晶公馆,底商,温江,光华大道同兴东路,待定,26000,0
中国西部文化城,底商,温江,光华大道三段南侧花土路936号（地铁四号线凤凰大街站旁）,待定,22000,0
锦汇城,底商,温江,科锦路355号（川农大旁）,待定,25000,0
千禧河畔D区,底商,温江,江安路196号,待定,270,0
中南上熙府熙悦,住宅,温江,花明路129号,107-147㎡,17000,248
佳兆业丽晶公馆,商业,温江,光华大道同兴东路,待定,28000,0
鹭湖宫13区,底商,温江,四川省成都市温江区白鹭路469号附8号,待定,25000,0
悦天地商厦,商业类,温江,柳城街办燎原社区八组新华社区一组区,38-55㎡,10000,41
天来汇景,底商,温江,涌泉镇（街办）鹏程路99号,待定,48000,0
悦彩广场,商业类,温江,科兴路东段443号,42㎡,10000,42
东原阅墅,住宅,温江,太极大道66号,94㎡,12000,0
锦汇城,商业类,温江,公平街办科锦路355号（川农大旁）,51㎡,7400,38
恒大名城,商业类,温江,凤溪大道778号,50㎡,12000,60
国色天乡庆典城,商业类,温江,春韵南路2号,36-178㎡,8800,32
国色天乡庆典城,底商,温江,春韵南路2号,待定,30000,0
东原城,底商,温江,金马国际体育城太极大道66号（体育城附近）,待定,20000,0
光华之心,住宅,温江,清泉北街281号四川煤田光华之心临时接待中心,77-143㎡,5600,0
千禧河畔B区,住宅,温江,江安路196号,待定,7000,0
和信孔雀天成,住宅,温江,南江路666号,85㎡,7000,0
中房芳华美地,住宅,温江,金府路666号,81-88㎡,7000,56
棕榈长滩,住宅,温江,光华大道江浦路77号,待定,13000,0
金穗苑(温江),住宅,温江,新华大道二段（金马国际体育城旁）,待定,6000,0
恒大名城,住宅,温江,凤溪大道778号,待定,9100,0
鹭湖宫13区,住宅,温江,四川省成都市温江区白鹭路469号附8号,待定,价格待定,0
鹭湖宫八区,住宅,温江,春江西路98号,待定,5500,0
鹭湖宫八区,别墅,温江,春江西路98号,待定,360,0
金科天宸,住宅,温江,共和路与临泉南街交汇处,待定,11000,0
新尚天地,住宅,温江,柳城街办学海路399号,待定,5700,0
光华瑞廷,住宅,温江,永兴路1118号（永兴路与柳林路交叉口）,105㎡,价格待定,0
恒大未来城,住宅,温江,温泉大道二段恒大未来城,94-115㎡,价格待定,0
蓝润光华春天,住宅,温江,花都大道与凤凰北大街交界处（地铁四号线凤凰大街站附近）,82-95㎡,8300,0
洲际亚洲湾B区,商业,温江,光华大道三段江浦路288号,待定,28000,0
洲际春天广场,底商,温江,温泉大道177号（新城西站附近）,待定,30000,0
洲际银海湾,底商,温江,光华大道三段江浦路888号,待定,34000,0
金恒德时代金悦,底商,温江,政通东路369号（温泉大道与花土路交汇处）,待定,30000,0
置信学府杏林一期,底商,温江,芙蓉大道二段八一路99号,待定,25000,0
恒大新城,住宅,温江,"凤翔大道1001号（政同通西路旁）, 凤溪大道南段2033号",待定,8500,0
鹭湖宫十一区,底商,温江,万春镇春江西路,待定,25000,0
明信城,住宅,温江,百信路28号,待定,10500,123
鹭湖宫十一区,住宅,温江,万春镇春江西路,待定,6500,0
中铁丽景书香,底商,温江,柳台大道88号,待定,23000,0
明信仕林府,底商,温江,海科路99号（成都师范学院旁）,待定,20000,0
地铁首座,底商,温江,学府路南段133号（近海科路）,待定,24000,0
创＋理想城,商业,温江,涌泉街道鹏程路166号,待定,23000,0
恒大御景,住宅,温江,骑士大道泰迪熊博物馆旁,待定,价格待定,0
创＋理想城,底商,温江,涌泉街道鹏程路166号,待定,35000,0
星光华印象,底商,温江,光华大道三段临温泉大道路口（4号线西部新城西站）,待定,30000,0
新尚天地,底商,温江,柳城街办学海路399号,待定,40000,0
金科天宸,底商,温江,共和路与临泉南街交汇处,待定,32000,0
恒大新城,底商,温江,"凤翔大道1001号（政同通西路旁）, 凤溪大道南段2033号",待定,14000,0
和信孔雀天成,底商,温江,南江路666号,待定,25000,0
世纪滨江,底商,温江,杨柳河金河西路283号,待定,18000,0
银滩,底商,温江,柳南三路169号,待定,25000,0
嘉源红郡,住宅,温江,金马镇清泰路425号,175-300㎡,7800,0
鹭湖宫十五区,住宅,温江,成都市温江区江宁南路1166号（国色天乡旁）,576㎡,8500,0
蓝润光华春天,底商,温江,花都大道与凤凰北大街交界处（地铁四号线凤凰大街站附近）,待定,38000,0
千禧河畔A区,底商,温江,江安路199号,待定,330,0
千禧河畔C区,底商,温江,江安路739号,待定,260,0
彩叠园1B期,住宅,温江,鹏程路801号,88-215㎡,20000,0
彩叠园1B期,别墅,温江,鹏程路801号,88-105㎡,20000,0
彩叠园1A期,住宅,温江,鹏程路1088号,待定,16500,0
彩叠园二期,住宅,温江,鹏程路808号,待定,价格待定,0
彩叠园1A期,别墅,温江,鹏程路1088号,87-109㎡,17800,0
东原城,住宅,温江,金马国际体育城太极大道66号（体育城附近）,86-96㎡,6600,0
新尚天地,商业类,温江,柳城街办学海路399号,40㎡,9900,0
翰林世家,底商,温江,锦绣大道南段99号,待定,18500,0
金马湖壹号,别墅,温江,金马国际体育城（金马湖畔）,286-577㎡,10500,300
天来汇景,住宅,温江,涌泉镇（街办）鹏程路99号,86-115㎡,价格待定,0
汀兰湾,住宅,温江,成都市温江区天府街道德通桥路688号(圣地亚家居对面),59-83㎡,6500,0
金恒德时代金悦,住宅,温江,政通东路369号（温泉大道与花土路交汇处）,待定,8500,0
佳年华新生活,住宅,温江,江安路518号,66-119㎡,10000,0
湟普国际,住宅,温江,光华大道三段399号,待定,8718,0
千禧河畔D区,商业,温江,江安路196号,待定,42000,0
星光华印象,住宅,温江,光华大道三段临温泉大道路口（4号线西部新城西站）,待定,6500,0
珠江青云台,住宅,温江,同兴东路399号,待定,7000,0
月映长滩栖悦,住宅,温江,太极大道666号金马国际体育城（金马湖旁）,90㎡,4400,0
云鼎,商业类,温江,柳城街办海川路2号,38-61㎡,12000,45
品润金樽府,住宅,温江,春江路与团结渠东二路交汇处,81-101㎡,7100,0
蓝润光华春天,商业,温江,花都大道与凤凰北大街交界处（地铁四号线凤凰大街站附近）,待定,36000,0
鹭湖宫10区,住宅,温江,江宁南路88号,102㎡,10000,100
西财学府尚郡,住宅,温江,天府街道海科路东段688号,122-222㎡,8800,149
炎华置信上林开府,住宅,温江,云溪路515、518号,96-135㎡,价格待定,0
珠江悦湖国际,商业类,温江,光华大道三段地铁4号线光华公园站G2出口,47-78㎡,10000,58
悦彩广场,住宅,温江,科兴路东段443号,74-89㎡,7200,0
汇厦香悦云庭,住宅,温江,花都大道东段66号,96-134㎡,9000,0
中铁月映长滩栖湖,别墅,温江,太极大道666号,待定,价格待定,0
碧桂园十里源墅,别墅,温江,永宁镇宁泰路99号,180㎡,22000,500
上景东方邸,住宅,温江,温江区两河路东段与文化路交叉口,待定,8500,0
汇智栖岸名居,住宅,温江,凤凰北大街788号,待定,8000,0
中铁城温江阅湖和庭,住宅,温江,金石路中铁城温江阅湖和庭,95-128㎡,6500,63
保利西子城,别墅,温江,芙蓉大道三段（华西分院对面）,待定,价格待定,0
宇顺花与城,住宅,温江,鹏飞路333号,待定,价格待定,0
悦天地商厦,底商,温江,柳城街办燎原社区八组新华社区一组区,待定,12500,0
佳源生活广场,商业类,温江,学府路南段268号,待定,价格待定,0
品润金樽府,底商,温江,公平街道春江路与团结渠东二路交汇处,待定,价格待定,0
合能枫丹西悦,住宅,温江,温江区公平镇春江路(成都市农林科学院旁),102-142㎡,8200,119
置信逸都城,住宅,温江,芙蓉大道300号,待定,价格待定,0
欧郡公馆,商业类,温江,柳林路99号,38㎡,8000,30
洲际健康城,商业类,温江,科兴路西段199号,67-112㎡,7000,50
三医创新中心,商业,温江,永宁镇八一路北段18号（四川省康复医院对面）,待定,25000,0
中铁城温江阅湖和庭,商业,温江,金石路中铁城温江阅湖河庭,待定,价格待定,0
中南上熙府熙悦,底商,温江,花明路129号,待定,30000,0
置信逸都城,商业,温江,芙蓉大道300号,待定,价格待定,0
彩叠园1B期,商业,温江,鹏程路801号,待定,24000,0
明信城,底商,温江,成都市温江区百信路188号,待定,25000,0
新尚尚院,住宅,温江,光华大道三段新尚尚院,136-171㎡,14000,190
明信城,商业类,温江,百信路28号,34-54㎡,8400,98
鹭湖宫10区,商业,温江,江宁南路88号,待定,价格待定,0
新尚尚院,商业,温江,温江光华大道三段（骑士大道与光华八线交汇处）,待定,价格待定,0
中铁丽景书香,住宅,温江,柳台大道88号,待定,6000,0
洲际健康城,底商,温江,科兴路西段199号,待定,22000,0
金河谷五期,底商,温江,"涌泉街道江浦路2666号, 江浦路2666号, 金河谷4号门",待定,价格待定,0
东原阅墅,别墅,温江,太极大道66号,180-210㎡,12000,234
金河谷五期,住宅,温江,涌泉街道江浦路2666号,待定,12000,0
泰合新光华府,住宅,温江,温泉大道二段（天来国际广场旁）,79-87㎡,8000,0
中国西部文化城,住宅,温江,光华大道三段南侧花土路936号（地铁四号线凤凰大街站旁）,待定,6500,0
西财学府憬城,住宅,温江,海科路东段688号,88-89㎡,6000,0
合能珍宝琥珀三期,住宅,温江,清泉南街399号（骑士大道和花土路交汇处）,待定,5500,0
锦汇城,住宅,温江,科锦路355号（川农大旁）,待定,5000,0
佳兆业丽晶公馆,住宅,温江,光华大道同兴东路,待定,7000,0
芙蓉古城紫薇园二期,别墅,温江,永宁镇芙蓉路518号（红旗连锁旁）,365-377㎡,17000,0
乐古浪,住宅,温江,寿安镇(陈家桅杆附近）,58-80㎡,价格待定,0
恒大御景半岛,住宅,金堂,滨江路二段毗河二桥旁,112-115㎡,7200,85
中国会馆,住宅,金堂,金堂县会馆路6号,126-132㎡,7800,8
保利堂悦府,住宅,金堂,金鹰路保利堂悦府,103-133㎡,8900,49
万邦悦城,底商,金堂,韩滩路46号,待定,20000,0
金山郡,住宅,金堂,赵镇金山路1号（金堂中学外国语实验学校对面）,106-149㎡,6500,25
希望未来城,住宅,金堂,三星镇三星镇学府大道555号（四川天一学院旁）,待定,6300,98
伊顿小镇,别墅,金堂,赵镇金园街159号,260㎡,7100,0
星岛星时区,住宅,金堂,三星镇学府大道279号,100-169㎡,7100,09
华尔兹广场(金堂),住宅,金堂,观岭大道1189号,35-94㎡,4300,0
和裕印象,住宅,金堂,金堂县三星镇天星路559号,104-125㎡,5900,48
广泽南庭,住宅,金堂,环岛路上段88号,80-87㎡,4000,0
鹭山湾,住宅,金堂,金山路1号（金中外实校侧）,待定,6000,0
恒合时代城,住宅,金堂,赵镇中兴寺路188号,106-120㎡,5000,53
鹭洲城邦,住宅,金堂,金堂县兴业路558号,81-109㎡,5600,45
富堂金湾,住宅,金堂,金堂县上正街858号,84-144㎡,3900,76
星岛星时区,商业,金堂,三星镇学府大道279号,待定,10000,0
金都华庭,住宅,金堂,观岭大道东侧（金山公园旁）,待定,5000,0
金山国际,住宅,金堂,金堂县赵镇金园街619号,待定,5600,0
城投润城,住宅,金堂,滨江路二段369号,54㎡,3850,0
和裕欧景,住宅,金堂,三星镇兴业路600号（金堂三星大学城北河二桥延线300米处）,67-115㎡,3300,0
中国会馆,别墅,金堂,金堂县会馆路6号,248-394㎡,20000,0
金都华府,住宅,金堂,金堂县滨江路二段333号,100-116㎡,5100,0
艺都,商业,金堂,十里大道一段,待定,20000,0
蓝光观岭国际社区翡翠湾,住宅,金堂,观岭大道1188号,93-175㎡,6700,76
卓恒广场,住宅,金堂,十里大道一段卓恒广场,待定,3300,0
天府金茂悦,住宅,金堂,金鹰路以西（恒大御景半岛对面）,135㎡,11200,0
蓝光观岭国际社区,别墅,金堂,金堂县观岭大道1118号,待定,价格待定,0
泰康博观,住宅,金堂,朝阳街555号,待定,6300,0
润洲金外滩,住宅,金堂,金凤路558号（与金泉路交汇处）,待定,3000,0
华夏上海城,住宅,金堂,赵镇金西路51号（十里坝核心区）,89-123㎡,5378,0
朗诗未来街区,住宅,金堂,金堂县金凤路与金泉路交汇处,86-120㎡,价格待定,0
港中旅海泉湾,别墅,金堂,官仓镇白马湖旁,待定,价格待定,0
中节能琅园,住宅,金堂,赵镇金鹰路,待定,7854,0
鹏圣金悦湾,住宅,金堂,淮口镇淮洲大道（淮口客运站对面）,待定,价格待定,0
绿洲国际,住宅,金堂,赵镇金泉路282,待定,价格待定,0
恒大御景半岛,底商,金堂,毗河二桥旁,待定,价格待定,0
吉祥湾,住宅,金堂,淮口镇解放路46号,待定,价格待定,0
水城学府,住宅,金堂,赵镇望江街60号,待定,价格待定,0
世茂璀璨天玺,住宅,金堂,赵镇金鹰路以西世茂璀璨天玺,133㎡,12150,134
棕榈湖国际社区,底商,金堂,棕榈湖路118号,待定,13000,0
朗诗未来街区,底商,金堂,金堂县金凤路与金泉路交汇处,待定,价格待定,0
银河首座,商业,金堂,金堂县淮口镇现代大道以西,待定,20000,0
棕榈湖国际社区,住宅,金堂,棕榈湖路118号,待定,价格待定,0
和裕金街,商业,金堂,三星大学城兰家店路,待定,20000,0
乐视界广场,商业类,郫都,犀浦泰山北街一号,39-56㎡,9500,36
中冶中央公园,底商,郫都,郫筒镇梨园路一段708号,待定,25000,0
公园1号,底商,郫都,红光镇幸福路北一段81号（思源学校对面）,待定,35000,0
公园1号,商业,郫都,红光镇幸福路北一段81号（思源学校对面）,待定,25000,0
华邑阳光里,底商,郫都,校园路东段188号,待定,20000,0
天璟荟,底商,郫都,犀浦镇五河路369号,待定,35000,0
同森锦熙,底商,郫都,红光镇广场路（技师学院对面）,待定,25000,0
同森锦熙,商业,郫都,红光镇广场路（技师学院对面）,待定,35000,0
乐视界广场,住宅,郫都,郫都区犀浦镇泰山北街1号,95-132㎡,14000,130
碧桂园锦熙府,住宅,郫都,郫都区金牛大道与国宁东路交汇处（犀浦东站旁）,108-143㎡,15600,180
华邑宸熙,住宅,郫都,福梓路33号,100-108㎡,16000,161
清河湾,住宅,郫都,友爱镇释迦桥下街158号,477㎡,16000,768
成都后花园四期,商业类,郫都,犀浦镇国宁东路1019号,40-93㎡,10000,40
滨江两岸,商业,郫都,犀浦镇犀安路666号,12㎡,28000,50
华邑宸居,住宅,郫都,福梓东街468号,100-137㎡,18500,172
杜鹃城千万间,别墅,郫都,成都市郫都区安德镇彭温路203号,122-278㎡,9000,120
今日田园,别墅,郫都,郫县区友爱镇子云东路98号,315-468㎡,10000,318
华邑阳光里,商业,郫都,校园路东段188号,待定,25000,0
大溪地,别墅,郫都,三道堰镇蜀源大道二段2599号（交大立交出城17公里处）,203-290㎡,12000,325
时代悦城,商业,郫都,中信大道三段114号,待定,30000,0
时代悦城,底商,郫都,中信大道三段114号,待定,30000,0
上置绿洲雅宾利花园,商业,郫都,红光港华路555号,待定,4500,0
朗基御香,商业,郫都,成灌路与和心路交汇处（后花园对面）,待定,36000,0
中航城,住宅,郫都,鹃兴路729号,待定,价格待定,0
润扬双铁广场石犀里,住宅,郫都,双铁路88号（犀浦三铁换乘站口）,待定,9800,0
成都后花园四期,住宅,郫都,国宁东路991号,78㎡,12300,100
蓉晶公馆,住宅,郫都,古城镇蜀源大道三段588,待定,4700,0
同森锦熙,住宅,郫都,红光镇广场路（技师学院对面）,100-120㎡,9000,0
海骏达蜀都1号三期,住宅,郫都,蜀都新城创智公园南四路100号（创智公园正对面）,81-122㎡,9000,0
锦巷兰台,住宅,郫都,犀浦镇金粮路,待定,15000,0
锦巷兰台,别墅,郫都,犀浦镇金粮路,154㎡,406,0
万科理想城,住宅,郫都,国宁东路与犀安路交汇处,78-115㎡,13500,0
润弘铭城,住宅,郫都,红杨路中信大道四段河苑门口,118-128㎡,4000,0
百维广场,商业类,郫都,红光镇高店路西段226号,待定,8800,0
百维广场,商业,郫都,红光镇高店路西段226号,待定,15000,0
天璟荟,住宅,郫都,犀浦镇五河路369号,待定,8000,0
龙城国际,住宅,郫都,红光镇红高路88号,待定,价格待定,0
中铁西郡英华一期,别墅,郫都,港通北一路567号,待定,11000,0
中冶田园世界,住宅,郫都,中信大道四段968号,待定,5100,0
蔚蓝卡地亚黑钻,住宅,郫都,郫花路888号（花样年龙年国际中心旁）,126-142㎡,10000,0
上置绿洲雅宾利花园,住宅,郫都,红光港华路555号,74-89㎡,8500,0
蔚蓝卡地亚黑钻,别墅,郫都,郫花路888号（花样年龙年国际中心旁）,251-292㎡,14000,0
中铁奥维尔,住宅,郫都,梨园路一段528号,81-88㎡,价格待定,0
傲城,商业类,郫都,犀浦校园路东段111号,35㎡,12000,0
芙蓉山水浣溪,住宅,郫都,三道堰水乡街138号（水井坊街与文昌街交汇处）,待定,5100,0
万科城臻园,住宅,郫都,地铁2号线百草路站（成都实验外国语学校北侧）,90-137㎡,14500,0
铂悦郡,住宅,郫都,红光镇红光路北一段299号,86-96㎡,价格待定,0
宇众悦城,商业,郫都,红光镇红光路广场路四段216号（技师学院旁）,待定,22000,0
百维广场,底商,郫都,红光镇高店路西段226号,待定,20000,0
合能橙中心,底商,郫都,"犀浦镇银河西街99号（地铁2号线天河路站D出口）, 张家石桥街29号",待定,27000,0
宇众悦城,底商,郫都,红光镇红光路广场路四段216号（技师学院旁）,待定,20000,0
鼎犀名城,商业,郫都,国宁东路666号(成都外国语学校旁),待定,28000,0
朗基少帅府,底商,郫都,犀浦镇万福新街45号,待定,35500,0
朗基少帅府,商业,郫都,犀浦镇万福新街45号,待定,35000,0
桂溪欧苑,别墅,郫都,友爱镇平安路6号（成灌高速石家桥出口500米）,293-365㎡,11600,360
锦巷兰台,商业类,郫都,犀浦镇金粮路,66-68㎡,12000,0
滨江两岸,住宅,郫都,犀浦镇犀安路666号,91-107㎡,价格待定,0
花样年龙年中心,底商,郫都,郫花路299号（郫花路与关柏路交汇处）,待定,23000,0
龙城国际,底商,郫都,红光镇红高路88号,待定,30000,0
润扬双铁广场,底商,郫都,天府路88号,待定,75000,0
中铁银杏广场,底商,郫都,"红光镇广场路北三段, 广场路北四段10号",待定,30000,0
重百汉正广场,底商,郫都,郫筒镇杜鹃路政府旁,25㎡,30000,0
宇众曼城,底商,郫都,高店路东段1001号,待定,15000,0
德源第一城,底商,郫都,德源镇德源南路一段229号（稻香路口旁),待定,50000,0
嘉通云玺,底商,郫都,红光镇广场路,待定,28000,0
蓝光幸福满庭,底商,郫都,国宁东路299号,待定,50000,0
蜀都万达广场,底商,郫都,望丛东路139号,待定,38000,0
中铁西郡英华三期,底商,郫都,红光镇港通北一路567号,待定,25000,0
华宇天府花城,底商,郫都,郫筒镇檬柏西路469号,待定,30000,0
中铁奥维尔,底商,郫都,梨园路一段528号,待定,15000,0
朗诗未来家,住宅,郫都,红光镇广场路北三段68号,75-99㎡,6600,0
龙城半岛,底商,郫都,华都路169,待定,40000,0
海骏达蜀都1号三期,底商,郫都,蜀都新城创智公园南四路100号（创智公园正对面）,待定,47000,0
花样年龙年中心,别墅,郫都,郫花路299号（郫花路与关柏路交汇处）,40-141㎡,230,0
一里阳光,商业类,郫都,望从东路308号,39-76㎡,7800,0
保利熙公馆,住宅,郫都,东大街与长清路交汇处（郫筒二小旁）,113-139㎡,9000,0
上置绿洲雅宾利花园,底商,郫都,红光港华路555号,待定,30000,0
卡碧蓝湾,底商,郫都,安靖镇丰收巷288号,待定,9000,0
成都后花园蝶院,住宅,郫都,国宁东路1019号,81-136㎡,价格待定,85
天璟荟,商业类,郫都,犀浦镇五河路369号,待定,11500,0
花样年香門第,住宅,郫都,郫筒镇蜀信西路577号,105-197㎡,9500,0
山木居,住宅,郫都,红光镇家园街98号,36-100㎡,6800,0
锦巷兰台,底商,郫都,成都市郫都区犀浦镇金粮路与全兴路交汇处（犀浦东站旁）,待定,30000,0
华邑阳光里,住宅,郫都,校园路东段188号,待定,12000,0
万科玖西堂,住宅,郫都,犀浦镇下街456号,123-143㎡,15000,0
万科玖西堂,别墅,郫都,犀浦镇下街456号,157-159㎡,250,0
五彩城,住宅,郫都,文信路518号,待定,4800,0
蓉树园,住宅,郫都,港大路蓉树园,103㎡,8500,0
荔园悦享花醍,住宅,郫都,红光镇银润路437号,104-124㎡,12000,126
鼎犀名城,住宅,郫都,国宁东路666号(成都外国语学校旁),待定,8300,0
蜀都万达广场,商业类,郫都,望丛东路139号,37-45㎡,7600,33
蜀都万达广场,商业,郫都,望丛东路139号,待定,25000,0
朗基御香,住宅,郫都,成灌路与和心路交汇处（后花园对面）,150㎡,15800,0
中铁银杏广场,商业,郫都,"红光镇广场路北三段, 广场路北四段10号",待定,28000,0
一里阳光,住宅,郫都,望从东路308号,待定,6100,0
上善天成,住宅,郫都,红光镇红光路（公园1号旁）,待定,7000,0
西郡兰庭,住宅,郫都,校园路129号,122-255㎡,10500,158
成都鑫苑城,住宅,郫都,望丛中路与蜀信路交汇处,58㎡,9500,0
绿地紫荆星座,商业类,郫都,创智南一路39号,41-67㎡,9700,38
万科时光润园,住宅,郫都,红光大道与广场路交汇处,90-110㎡,13600,122
绿地国际花都星逸,写字楼,郫都,郫都区创智东二路68号,待定,10000,0
领地金科蘭台府,住宅,郫都,郫都区红光镇国宁西路1555号（红光大道西华大学旁）,135-170㎡,16250,210
花样年龙年中心,商业类,郫都,郫花路299号（郫花路与关柏路交汇处）,66-180㎡,11000,73
蔚蓝卡地亚云墅,别墅,郫都,郫花路888号,待定,14000,0
星悦时光,商业类,郫都,郫都区犀浦镇成灌路与金粮路交汇处,待定,价格待定,0
朗诗未来家,商业,郫都,广场路北三段68号,待定,25000,0
蜀郡清上居,住宅,郫都,平安路蜀郡清上居,待定,价格待定,0
西郡英华涧桥郡组团,别墅,郫都,港通北一路567号（距成灌快铁600米）,待定,6200,0
重百汉正广场,商业类,郫都,郫都区郫筒镇杜鹃路46号,45㎡,8500,40
中铁天宏康郡,住宅,郫都,郫筒镇红杨路168号,89-90㎡,6400,0
滨江彼岸,住宅,郫都,犀安路与沱江路交汇处,83-131㎡,13500,103
金安花苑,住宅,郫都,安德镇彭温路248号（活水公园旁）,待定,4800,0
花样年香門第,别墅,郫都,蜀信路二段176号,待定,15000,0
樱花大院,住宅,郫都,郫都区安德镇安平东路136号,待定,价格待定,0
崇宁华府,住宅,郫都,四川省成都市郫都区竹唐路（成都广信数字技术职业学校斜对面）,待定,价格待定,0
第5季香境,商业类,郫都,唐宝路与长顺路交叉口东南200米,待定,价格待定,0
朗基御香,别墅,郫都,成灌路与和心路交汇处,待定,13850,0
优派金街,商业,郫都,港大路39号,待定,价格待定,0
成都鑫苑城,商业,郫都,望丛中路成都鑫苑城,待定,价格待定,0
成都鑫苑城,底商,郫都,望丛中路成都鑫苑城,待定,价格待定,0
锦巷兰台,写字楼,郫都,犀浦镇金粮路,待定,6600,0
金安花苑,底商,郫都,彭温路248号,待定,16000,0
铂悦郡商业,商业,郫都,红光路北一段299号,待定,15000,0
龙光君悦华庭一期,住宅,郫都,蜀都新城中信大道顺河路口（中信未来城南侧）,待定,6100,0
瑞和上院,商业,郫都,古城镇水梨村（铁路卫校旁）,待定,价格待定,0
瑞和上院,住宅,郫都,古城镇水梨村（铁路卫校旁）,待定,8000,65
瑞和上院,别墅,郫都,古城镇水梨村（铁路卫校旁）,待定,价格待定,0
金隅·金玉府,住宅,郫都,成都市郫都区郫筒长清路333号,待定,价格待定,0
熙水岸,住宅,郫都,郫花路释迦桥（释迦桥东公交站对面）,79㎡,6600,0
宇众悦城,住宅,郫都,红光镇红光路广场路四段216号（技师学院旁）,待定,5700,0
公园1号,住宅,郫都,思源路81号,待定,7100,0
西蜀祥瑞府,住宅,郫都,古城镇蜀汉北街102号,52-116㎡,6880,35
润弘丽都,住宅,郫都,郫筒镇和平南三街399号,待定,4500,0
优派立方,住宅,郫都,红光镇港大路39号（恒大帝景斜对面）,待定,6000,0
中铁西郡英华三期,住宅,郫都,红光镇港通北一路567号,待定,6400,0
中冶中央公园,住宅,郫都,郫筒镇梨园路一段708号,62㎡,5500,0
青霞山水卡伦德拉小镇,别墅,大邑,分水社区1组88号,130㎡,14000,156
幸福公社二期,住宅,大邑,青霞镇分水2组12号,31-62㎡,11980,30
鹤鸣青云墅,住宅,大邑,鹤鸣乡青云街1号,39-118㎡,10000,37
青霞山水卡伦德拉小镇,住宅,大邑,分水社区1组88号,48-91㎡,10000,48
月麓湾二期,别墅,大邑,花水湾镇王山南路1.3.5号,106-134㎡,11500,118
养和山居一期,住宅,大邑,平阳街1号,57-98㎡,6500,37
优品美地,商业,大邑,潘家街三段1号（甲子路和潘家街交汇处）,待定,6500,0
月麓湾二期,住宅,大邑,花水湾镇王山南路1.3.5号,119-121㎡,11500,132
惠山公馆,住宅,大邑,晋原镇大邑县西街95号（原九龙超市旁）,93-125㎡,15000,45
子龙邑都一期,住宅,大邑,晋原镇子龙街160号,待定,3700,0
春熙江岸,住宅,大邑,晋原镇桃源大道99号,待定,6500,0
领香城,住宅,大邑,安仁镇大邑县潘家街四段377号,待定,3300,0
保利中央峰景,住宅,大邑,桃源新城雪山大道777号（大邑县植物园旁）,待定,5100,0
中交锦天新城,住宅,大邑,晋原街道元通路与邑新大道交汇处,待定,价格待定,0
御金府,住宅,大邑,晋原镇北街289号,待定,5000,0
恒大山水城,别墅,大邑,二环路南三段（紫荆电影城旁）,待定,6000,0
恒宇时代天街,住宅,大邑,晋原镇锦屏大道1号,待定,4700,0
祥荣城市绿洲二期,住宅,大邑,大邑大道268号,待定,4600,0
锦绣宸府,住宅,大邑,晋原镇甲子路55号,待定,价格待定,0
凯蒂凯旋城,住宅,大邑,晋原镇温泉路201号（家乐福对面）,待定,价格待定,0
玉峰,住宅,大邑,晋原镇潘家街三段23号,94㎡,5500,0
祥荣城市绿洲二期,商业,大邑,大邑大道268号,待定,28000,0
香槟大道,住宅,大邑,川西旅游环线与二环路交汇处（假雪山广场对面）,87㎡,价格待定,0
雾山河畔1期,住宅,大邑,成都市大邑县雾山乡两河口社区7组100号,40-91㎡,6600,28
恒宇时代天街,商业,大邑,晋原镇锦屏大道1号,待定,25000,0
青禾名都,住宅,大邑,雪山大道二段598号,待定,价格待定,0
恒昌格兰郡,住宅,大邑,桃园大道蜀望路555号 （新政府南侧）,待定,4500,0
优品美地,商业类,大邑,潘家街三段1号（甲子路和潘家街交汇处）,32㎡,7500,0
保利中央峰景,别墅,大邑,雪山大道777号,122㎡,10000,0
聚龙名城,住宅,大邑,沙渠镇方圆路172号（沙渠镇政府旁）,待定,3500,0
春熙江岸商铺,商业,大邑,大邑县桃源大道99号,待定,40000,0
山水华府,住宅,大邑,滨江东路北二段136号（斜江河畔，静惠山旁）,待定,7000,0
幸福公社二期,别墅,大邑,青霞镇分水2组12号,待定,价格待定,0
邑都上城,住宅,大邑,晋原镇大邑大道458号（大邑中学对面）,待定,5036,0
林肯郡,住宅,大邑,滨河路东段88号,110㎡,5200,0
滨河景秀,住宅,大邑,体育场东路118号(大邑县老体育场旁),待定,3600,0
优品美地,住宅,大邑,潘家街三段23号,待定,4600,0
春江花苑,住宅,大邑,温泉大道西段162号（惠昌花园旁）,待定,3300,0
圣菲壹号,住宅,大邑,甲子东道160号（近新城医院）,待定,3200,0
鑫河国际花园,住宅,大邑,桃源新城（斜江河畔）,待定,3600,0
春天国际,住宅,大邑,大邑大道632号（大邑中学附近）,待定,4000,0
北欧丽景,住宅,大邑,花水湾度假小镇（西岭雪山下）,待定,7000,0
水岸西岭,别墅,大邑,西岭雪山（滑雪场路侧）,待定,7000,0
保利中央公园,住宅,大邑,雪山大道777号,107㎡,5000,0
润达广场,住宅,大邑,滨河路东段与锦屏大道交汇处,待定,3500,0
蓬莱尚岛,别墅,大邑,安仁镇大安路6666号（川师影视学院旁）,待定,23800,0
大邑金融中心,住宅,大邑,晋原镇内蒙古大道51号,待定,价格待定,0
砚湖,住宅,大邑,安仁镇迎宾路1号,待定,价格待定,0
山客部落,住宅,大邑,王山南路8号,待定,8000,0
云上旅游度假区,别墅,大邑,晋原镇七里村5组,90-195㎡,18500,0
大邑圣桦公馆,住宅,大邑,晋原镇北街4号,待定,6000,0
成都院坝,商业,大邑,千禧街133号,待定,价格待定,0
城市绿洲,住宅,大邑,大邑大道567号（大邑县政务服务中心旁）,69-87㎡,价格待定,0
力扬时代,住宅,大邑,桃源新城人和街99号,待定,价格待定,0
圣桦城,住宅,大邑,内蒙古大道666号（大邑县政府旁）,71-101㎡,7000,0
花样年大溪谷五期,别墅,蒲江,顺城路88号,待定,245,0
剑桥小镇三期,住宅,蒲江,寿安镇迎宾大道88号（寿安中心小学附近）,61㎡,5600,34
凯世捷财富广场,住宅,蒲江,桫椤路上段1号（美好家园旁）,待定,4900,0
保利石象湖国际乡村俱乐部,别墅,蒲江,石象湖生态风景区(成雅高速旁),待定,价格待定,0
尉洪香槟城2期,住宅,蒲江,蒲江县鹤山镇紫华路138号,待定,5200,0
万象云庭,住宅,蒲江,鹤山镇工业大道上段3号,115㎡,6000,69
雍锦澜湾,住宅,蒲江,鹤山镇梁江村,147㎡,8300,0
紫悦府,住宅,蒲江,清江大道,待定,价格待定,0
天府孔雀城,住宅,蒲江,成都市成雅高速寿安路口,待定,价格待定,0
天府孔雀城,别墅,蒲江,成都市成雅高速寿安路口,待定,价格待定,0
雄飞新园名都,底商,高新,新园大道8号,待定,30000,0
雄飞新园紫郡,底商,高新,新园大道8号,待定,30000,0
星宸国际,写字楼,高新,益州大道中段555号,待定,15000,0
香月湖,住宅,高新,益州大道中段699号（天府一街与天府二街之间）,71-87㎡,26000,178
嘉祥瑞庭南城,商业类,高新,益州大道中段1918号,45-68㎡,17500,79
海洋中心,商业类,高新,天府三街吉泰路588号,100㎡,185,185
誉峰三期,商业类,高新,交子大道333号,40㎡,20000,84
香月湖,商业类,高新,益州大道中段699号（天府一街与天府二街之间）,39-42㎡,26000,117
红树湾,住宅,高新,中和大道二段69号,73-120㎡,24000,288
和雅嘉御,商业类,高新,永丰路7号（衣冠庙地铁口B出口）,58㎡,21000,120
雄飞新园名都,商业类,高新,新园大道8号,46-47㎡,9600,42
香月湖,底商,高新,益州大道中段699号（天府一街与天府二街之间）,待定,45000,0
建发鹭洲国际,底商,高新,天府二街1033号（天府二街与南华路交汇处）,待定,19200,0
金房大榕湾人家,底商,高新,石羊场路555号,待定,48000,0
花样年美年广场,商业类,高新,天府大道中段1388号,135-340㎡,30000,360
融创香璟台二期,商业类,高新,梓州大道与新通大道的交汇处,47-156㎡,13000,70
融创香璟台二期,底商,高新,梓州大道与新通大道的交汇处,待定,45000,0
融创香璟台一期,底商,高新,中和街道观东社区三组、龙灯山社区十一、十二组,待定,35000,0
和雅嘉御,底商,高新,永丰路7号（衣冠庙地铁口B出口）,待定,80000,0
中粮天府宸悦,商业类,高新,益州大道和天府三街交汇口,40-70㎡,18500,110
宸光和悦,别墅,高新,雅和街（地铁1号线广都站C口）,139㎡,19916,417
海特国际广场,写字楼,高新,科园南路1号,待定,75,0
明宇南御,商业类,高新,益州大道北段388号,66-79㎡,17000,116
德商御璟天骄,商业类,高新,观东三街158号,62-156㎡,27500,155
保利星荟,商业类,高新,盛源街700号,37-48㎡,16000,59
中铁信托大厦,写字楼,高新,名都路166号,待定,20000,0
金房大榕湾人家,商业,高新,石羊场路555号,待定,48000,0
润莱金座,商业,高新,吉庆一路288号（益州大道与天府二街交汇口）,待定,18000,0
碧桂园沁云里,底商,高新,应龙北一路222号,待定,35000,0
建发中央鹭洲,底商,高新,南华路1500号,待定,15000,0
博雅城市广场,底商,高新,新川路博雅城市广场,待定,42000,0
都城雅颂居,写字楼,高新,荣华北路299号,待定,14000,0
宸光和悦,商业,高新,雅和街宸光和悦,待定,28000,0
时尚嚞里,商业,高新,新通大道与中柏大道交汇处,待定,24000,0
朗基和今缘,商业,高新,吉龙一街333号,待定,45000,0
新景璟誉府,住宅,高新,中和仁和路600号,96-145㎡,18500,179
新景璟誉府,商业,高新,中和仁和路600号,待定,45000,0
恒大珺临阁,商业类,高新,天府二街269号,47-87㎡,24000,110
蓝光金悦派,商业,高新,中柏大道观东一街999号,待定,120,0
长冶南阳御龙府,商业类,高新,梓州大道4333号,48-93㎡,11000,98
长冶南阳御龙府,住宅,高新,梓州大道4333号,待定,价格待定,0
招商大魔方,住宅,高新,锦城大道与天府大道交汇处科华南路1366号,待定,23000,0
龙湖九里晴川,住宅,高新,雅和南四路216号,112㎡,18000,0
朗基御今缘,住宅,高新,天府四街1999号,95-131㎡,价格待定,0
北辰朗诗南门绿郡,住宅,高新,天府三街与康华路交汇处南侧,98-140㎡,价格待定,0
希顿国际广场,写字楼,高新,天府大道666号,待定,价格待定,0
北辰朗诗南门绿郡,别墅,高新,天府三街与康华路交汇处南侧,150-170㎡,800,0
北大资源颐和翡翠府,住宅,高新,红星路南延线与应龙路交叉口,150㎡,18000,0
清凤时代城,商业,高新,剑南大道中段(成都七中旁),待定,60000,0
新景鼎南川宇,住宅,高新,中和中柏大道（格林君典旁）,待定,价格待定,0
成都文儒德,住宅,高新,近慈路66号（石室中学后门石羊派出所旁）,185-213㎡,26000,837
北辰香麓,住宅,高新,大源天府四街,106-137㎡,价格待定,0
IMC国际广场,住宅,高新,国际城南.天府大道与天府一街交汇处（地铁1号线世纪城北行300米）,待定,价格待定,0
仁美大源印象,商业类,高新,天府四街134号,待定,13000,0
仁美大源印象,商业,高新,天府四街134号,待定,40000,0
名著司南,商业,高新,天府大道南段1355号,待定,40000,0
IMC国际广场,商业,高新,国际城南.天府大道与天府一街交汇处（地铁1号线世纪城北行300米）,99㎡,23000,0
一品CG,商业,高新,天府南华路与天府三街交汇处（高新青年公寓对面）,待定,30000,0
两江国际,写字楼,高新,天府一街369号,1745-1836㎡,价格待定,0
一品CG,商业类,高新,天府南华路与天府三街交汇处（高新青年公寓对面）,79-106㎡,20000,0
成都棕榈泉国际中心,住宅,高新,天府大道中段199号,89-129㎡,32000,0
IMC国际广场,商业类,高新,国际城南.天府大道与天府一街交汇处（地铁1号线世纪城北行300米）,待定,23000,0
银泰中心,住宅,高新,天府大道北段1199号（高新国际广场旁）,580-660㎡,85000,6000
银泰中心,商业类,高新,天府大道北段1199号（高新国际广场旁）,76-210㎡,47000,0
北辰香麓,别墅,高新,大源天府四街1869号,待定,价格待定,0
合能璞丽,商业,高新,南华路788号（保利心语别墅旁）,待定,价格待定,0
中德英伦世邦,住宅,高新,会龙大道与红星路南延线交汇处365号（新川科技园对面）,待定,价格待定,0
润富国际花园,商业类,高新,交子大道998号,38-54㎡,24500,91
中国铁建西派澜岸,别墅,高新,天府一街1566号,待定,1000,0
成都国际科技节能大厦,写字楼,高新,天府大道中段萃华路89号,52-72㎡,12000,0
南城都汇汇彩园,住宅,高新,荟锦路265号,90㎡,价格待定,149
中海九号天地,商业,高新,交子大道555号,待定,30000,0
航天城上城,商业类,高新,益州大道中段599号,44-76㎡,价格待定,123
大源欢乐颂,住宅,高新,天府三街1599号（天府三街与南华路交汇处）,待定,15000,0
人居盛和林语,住宅,高新,盛和二路与城通路交汇处（南富森对面）,97-128㎡,价格待定,106
曙光国际,商业类,高新,天晖中街56号,60㎡,16500,0
锦城南府猫先生,商业类,高新,剑南大道中段锦城南府,49-71㎡,19000,151
大源欢乐颂,商业类,高新,天府三街1599号（天府三街与南华路交汇处）,42-48㎡,19000,84
新景鼎南川宇,商业类,高新,中和中柏大道（格林君典旁）,待定,13000,0
锦城南府猫先生,底商,高新,天府三街855号,待定,20000,0
龙湖世纪峰景,底商,高新,世纪城路418号,待定,48000,0
朗基御今缘,商业,高新,天府四街1999号,待定,40000,0
神仙树缤纷,底商,高新,新义西街96号,待定,20000,0
华润时光里,商业类,高新,观东二街和应龙南二路交叉口,35-64㎡,13000,57
龙湖九里晴川,底商,高新,雅和南四路216号,待定,20000,0
朗基御今缘,底商,高新,天府四街1999号,待定,40000,0
东方希望中心,写字楼,高新,益州大道北段333号,待定,价格待定,0
城市春天,写字楼,高新,益州大道北段388号,待定,9000,0
城市春天,底商,高新,益州大道北段388号,待定,40000,0
OCG国际中心,写字楼,高新,天府四街158号,待定,价格待定,0
茂业中心,写字楼,高新,天府大道北段28号,待定,14000,0
仁美大源印象,底商,高新,天府四街134号,待定,40000,0
朗基和今缘,住宅,高新,吉龙一街333号,待定,130,0
中国华商交子公馆,写字楼,高新,金融城交子大道（天府国际金融中心旁）,待定,23000,0
仁和春天国际广场,写字楼,高新,府城大道西段505号,待定,15000,0
东方希望天祥广场,写字楼,高新,天府大道中段500号,待定,13700,0
大鼎世纪广场,写字楼,高新,天仁路387号,待定,价格待定,0
曙光国际,写字楼,高新,天晖中街56号,待定,13000,0
蓝花楹,商业,高新,天府三街和康华路交汇处,待定,价格待定,0
鸿阁一号,住宅,高新,龙灯山路381号,待定,13000,0
誉峰三期,底商,高新,交子大道333号,待定,58000,0
万科金域名邸一期,底商,高新,南华路与天府二街交汇处（高新伊藤旁）,待定,40000,0
檀香山公园里,底商,高新,二环路南四段19号,待定,40000,0
嘉年华国际社区,底商,高新,天府大道旁老成仁路77号,待定,55000,0
世龙广场,底商,高新,天府大道与天府一街交汇处（地铁世纪城站北行300米）,待定,40000,0
中海九号公馆,底商,高新,万象南路199号,待定,40000,0
保利锦湖林语南区,底商,高新,石羊场路99号（锦城湖畔天府石室中学旁）,待定,35000,0
蓝光金悦派,底商,高新,中柏大道观东一街999号,待定,120,0
金控时代广场,底商,高新,吉瑞四路399号,待定,20000,0
中环岛,底商,高新,盛安街186号,待定,30000,0
保利百合花园,底商,高新,富华北路357号,待定,45000,0
中铁城锦南汇,底商,高新,天府大道南段会龙大道内,待定,36000,0
星宸国际,底商,高新,益州大道中段555号,待定,价格待定,0
大有智慧,底商,高新,天府三街288号,待定,45000,0
中德英伦联邦C区,住宅,高新,观东二街23号,待定,价格待定,0
嘉祥瑞庭南城,底商,高新,益州大道中段1918号,待定,45000,0
绿地之窗,底商,高新,天府二街368号,待定,50000,0
润莱金座,底商,高新,吉庆一路288号（益州大道与天府二街交汇口）,待定,21000,0
蜀都中心二期,底商,高新,吉庆三路333号,待定,40000,0
一品CG,底商,高新,天府南华路与天府三街交汇处（高新青年公寓对面）,待定,30000,0
北大资源颐和翡翠府,底商,高新,红星路南延线与应龙路交叉口,待定,40000,0
大源欢乐颂,底商,高新,天府三街1599号（天府三街与南华路交汇处）,待定,50000,0
凯德世纪名邸,底商,高新,天府一街1333号（高新七中旁）,待定,40000,0
华润时光里,底商,高新,观东一街666号,待定,15750,0
时代晶座(高新),商业类,高新,剑南大道中段利通时代晶座,49-76㎡,20000,0
时代晶座(高新),底商,高新,剑南大道中段利通时代晶座,待定,50000,0
融创香璟台二期,住宅,高新,梓州大道与新通大道的交汇处,127㎡,17000,0
正成南郡,商业类,高新,会龙大道与应龙南一路交汇处,待定,价格待定,0
乐活公社,商业类,高新,中柏大道观东一街1111号,38-51㎡,14900,0
南城都汇汇彩园,商业,高新,汉中路81号,待定,45000,0
北大资源紫境府,住宅,高新,新川路与中柏大道交汇处,待定,价格待定,0
朗诗熙华府,住宅,高新,盛治街777号,待定,17000,0
碧桂园沁云里,住宅,高新,应龙北一路222号,待定,15000,0
爱在城南,商业类,高新,红星路南延线与新川大道交汇处,待定,15000,0
蜀都中心二期,写字楼,高新,吉庆三路333号,待定,14500,0
朗诗熙华府,商业类,高新,天府二街与荣华北路交汇处,54-74㎡,19000,100
融创香璟台一期,住宅,高新,新川大道与新成仁路交汇处北行80米,117-128㎡,15300,180
誉峰三期,写字楼,高新,交子大道333号,待定,19000,0
中洲锦城湖岸,底商,高新,天府一街与益州大道交汇处（蒙彼利埃小学旁）,待定,50000,0
成都棕榈泉国际中心,写字楼,高新,天府大道中段199号,待定,24500,0
雄川中心,商业类,高新,天府二街166号,47-58㎡,20000,0
雄川中心,写字楼,高新,天府二街166号,待定,14500,0
朗诗熙华府,底商,高新,天府二街与荣华北路交汇处,待定,45000,0
嘉祥瑞庭南城,住宅,高新,益州大道中段1918号,76-87㎡,17000,0
润富国际花园,住宅,高新,交子大道998号,待定,价格待定,0
正成南郡,底商,高新,会龙大道与应龙南一路交汇处,待定,45000,0
中国水电大厦,写字楼,高新,吉泰一路11号,待定,价格待定,0
领地环球金融中心,写字楼,高新,天府二街151号,待定,20000,0
泰达时代中心,写字楼,高新,天府大道北段1288号,待定,18000,0
中铁城锦南汇,住宅,高新,天府大道南段会龙大道内,72-120㎡,10150,0
合能璞丽,住宅,高新,南华路788号（保利心语别墅旁）,待定,价格待定,0
龙湖世纪峰景,住宅,高新,世纪城路418号,待定,价格待定,0
凯德世纪名邸,住宅,高新,天府一街1333号（高新七中旁）,待定,价格待定,0
凯德天府,住宅,高新,天仁路388号,待定,价格待定,0
香年广场,写字楼,高新,吉泰五路88号,待定,12500,0
花样年美年广场,写字楼,高新,天府大道中段1388号,待定,价格待定,0
康普雷斯大厦,写字楼,高新,盛和一路88号,待定,12000,0
智地哥谭,写字楼,高新,益州大道中段888号,待定,16800,0
中国华商交子公馆,商业类,高新,交子大道33号,160-186㎡,50000,800
创新时代广场,写字楼,高新,益州大道北段555号,待定,19000,0
世豪广场,写字楼,高新,剑南大道中段1098号,待定,15500,0
晶科一号,写字楼,高新,府城大道与天晖路交汇处,待定,14000,0
绿地之窗,写字楼,高新,天府二街368号,待定,价格待定,0
英祥财富领域,住宅,高新,益州大道北段362号（宜家、欧尚正对面）,待定,价格待定,0
金地天府城,住宅,高新,天府大道南段极地海洋世界北侧,88-119㎡,12000,0
中洲锦城湖岸,住宅,高新,天府一街与益州大道交汇处（锦城湖旁）,待定,价格待定,0
锦城悦庭,住宅,高新,康和西一街199号,待定,价格待定,0
大源欢乐颂,商业,高新,天府三街1599号（天府三街与南华路交汇处）,待定,35000,0
华润时光里,商业,高新,观东一街666号,待定,30000,0
碧桂园沁云里,商业类,高新,应龙北一路222号,待定,价格待定,0
普得先锋名筑,住宅,高新,梓州大道200号,80-96㎡,11000,0
天目中心,商业类,高新,新裕路466号,待定,16000,0
中建天府公馆,住宅,高新,观东二街中建天府公馆,112-175㎡,14100,164
爱在城南,住宅,高新,红星路南延线与新川大道交汇处,待定,价格待定,0
凯德世纪名邸,商业,高新,天府一街1333号（高新七中旁）,待定,50000,0
北大资源颐和翡翠府,别墅,高新,红星路南延线与应龙路交叉口,待定,12800,0
新街里金街,商业,高新,成汉中路新街里金街,待定,45000,0
泰合国际金融中心,商业类,高新,天府三街619号,待定,价格待定,0
德商御璟天骄,住宅,高新,梓州大道红星路南延线与关东街交汇处,待定,价格待定,0
宸光和悦,住宅,高新,雅和街宸光和悦,159㎡,17800,0
世纪城梦想派,商业类,高新,世纪城会展中心198号,50㎡,15000,100
招商大魔方,商业类,高新,锦城大道与天府大道交汇处（锦江旁）,58㎡,21000,0
金房大榕湾LOFT,写字楼,高新,金融城交子大道北50米（石室天府中学旁）,待定,价格待定,0
新景璟街里,商业,高新,中柏大道88号,待定,价格待定,0
博雅城市广场,写字楼,高新,雅和北二路和新裕路交汇处,待定,40000,0
一品CG,住宅,高新,天府三街与南华路交汇处,待定,8200,0
成都文儒德,别墅,高新,近慈路66号,184-485㎡,42000,0
朗基御今缘,别墅,高新,天府四街1999号,待定,价格待定,0
万科璟南堂,住宅,高新,中胜路万科璟南堂,105-143㎡,23000,263
中德英伦联邦D区,住宅,高新,观东二街59号,86-146㎡,16000,0
正成南郡,住宅,高新,应龙南一路555号,待定,价格待定,0
招商大魔方商铺,商业,高新,科华南路 1366号,待定,价格待定,0
人南私邸,住宅,高新,天仁路387号,待定,价格待定,0
蓝光雍锦丽府,住宅,高新,丽都路757号,待定,19800,0
北大资源紫境府,别墅,高新,新川路与中柏大道交汇处,待定,价格待定,0
仁美熙和府,商业,高新,康和西一街110号,待定,价格待定,0
爱在城南,商业,高新,红星路南延线与新川大道交汇处,待定,价格待定,0
锦城悦庭,商业,高新,成都市高新区康和西一街199号,待定,35000,0
普得先锋名筑,底商,高新,梓州大道200号,待定,40000,0
仁和春天国际广场,商业,高新,府城大道西段505号,待定,价格待定,0
拓尔思天目中心,写字楼,高新,新裕路466号,待定,17000,0
誉峰M6,写字楼,高新,icp环汇商业广场,待定,20000,0
中建天府公馆,商业,高新,观东二街中建天府公馆,待定,价格待定,0
世豪翡丽,商业,高新,剑南大道中段998号,待定,价格待定,0
卓越珑樾府,住宅,高新,天府五街卓越珑樾府,125-143㎡,24000,300
银诚豪车天地,商业,高新,新乐路3号,待定,22000,0
仁美熙和府,住宅,高新,康和西一街110号,97-128㎡,18000,180
银诚豪车天地,底商,高新,新乐路3号,待定,22000,0
中环丰锦,住宅,高新,丽都路700号（置信丽都花园丽府对面）,205㎡,15000,0
美洲花园棕榈湾,住宅,高新,南三环路南五段188号（蓝天立交桥旁边）,90-105㎡,19500,0
中洲南熙里二期,商业,高新,天久南巷139号,待定,39000,0
朗基和今缘,别墅,高新,吉龙一街333号,待定,价格待定,0
蓝花楹,住宅,高新,天府三街和康华路交汇处,待定,价格待定,0
中国铁建西派澜岸,住宅,高新,天府一街1566号,225㎡,价格待定,0
新成国际,商业类,高新,新康南二路77号,44㎡,16000,0
中航国际交流中心,写字楼,高新,益州大道北段777号,待定,15000,0
无国界,写字楼,高新,吉泰二路266号,待定,17000,0
皇庭国际中心,写字楼,高新,天府大道吉瑞三路99号,待定,价格待定,0
融创香璟台一期,商业类,高新,中和街道观东社区三组、龙灯山社区十一、十二组,35㎡,价格待定,0
滨江天樾,商业类,天府新区,益州大道与伏龙北巷交汇处,137-154㎡,15000,199
北京街,商业,天府新区,华阳街道府河路与南湖路交汇处,待定,44000,0
海伦春天,底商,天府新区,牧华路三段1789号,待定,17000,0
戛纳湾金棕榈,底商,天府新区,协和下街588号,待定,45000,0
秦皇帝锦,商业,天府新区,汉州路999号,待定,43300,0
滨江和城,底商,天府新区,麓山大道二段（成都实验外国语西区旁）,待定,40000,0
海伦春天,商业,天府新区,牧华路三段1789号,待定,22000,0
置富广场,商业类,天府新区,武汉路与梓州大道交汇处,50-55㎡,12000,54
滨江天樾,别墅,天府新区,益州大道与伏龙北巷交汇处,待定,20000,0
海伦天麓,商业类,天府新区,万东路466号,48㎡,11500,46
滨江天樾,底商,天府新区,益州大道与伏龙北巷交汇处,待定,45000,0
首创禧瑞锦江,住宅,天府新区,成都市天府新区华阳街道云龙南巷55、56号,125-136㎡,19700,250
德商御府天骄,商业,天府新区,华阳街道一心村二、五组，鹤林村四组,待定,47000,0
首创禧瑞锦江,别墅,天府新区,成都市天府新区华阳街道云龙南巷55、56号,248㎡,24000,570
万科君逸,商业,天府新区,祥鹤四街万科君逸,待定,30000,0
德商御府天骄.学府,住宅,天府新区,华阳街道德商御府天骄.学府,119-290㎡,22000,238
合能铂悦华庭,底商,天府新区,沈阳路东段合能铂悦华庭,待定,28000,0
建发浅水湾,别墅,天府新区,正兴镇正公路33号（城南麓山高端别墅板块）,247-1103㎡,3000,3000
和泓麓江府,商业类,天府新区,正兴镇大安路1458号,160-193㎡,27000,430
海伦春天,住宅,天府新区,牧华路三段1789号,92-100㎡,17000,0
蓝润ISC,商业类,天府新区,天府大道与华府大道交汇处,待定,20000,0
枫丹铂麓,住宅,天府新区,沈阳路（万安体育公园前行500米）,待定,价格待定,0
滨江和城,住宅,天府新区,麓山大道二段（成都实验外国语西区旁）,待定,价格待定,0
美城悦荣府,住宅,天府新区,剑南大道南段333号,待定,价格待定,0
南湖世纪,住宅,天府新区,南湖北路121号,92-130㎡,13000,157
蔚蓝卡地亚花园城,住宅,天府新区,正兴镇田家寺村4、5、6组,140-245㎡,价格待定,0
海伦春天,别墅,天府新区,牧华路三段1789号,待定,价格待定,0
雅居乐富春山居,住宅,天府新区,麓山大道二段19号,266-530㎡,19000,1000
保利锦江里,商业类,天府新区,天府大道与天府五街交汇处（锦江旁）,待定,15000,0
远大中央公园,住宅,天府新区,南湖大道333号,102-195㎡,14700,257
德商御府天骄,住宅,天府新区,华阳街道一心村二、五组，鹤林村四组,107-143㎡,22000,357
德商御府天骄,别墅,天府新区,锦江西路鑫苑·鑫都汇南侧,189㎡,价格待定,0
中德麓府,住宅,天府新区,麓山大道二段（新元素奥迪旗舰店旁）,待定,价格待定,0
欧香小镇,住宅,天府新区,剑南大道南段669号,待定,价格待定,0
碧桂园海昌天澜,住宅,天府新区,麓山大道二段1959号,待定,9700,0
碧桂园海昌天澜,别墅,天府新区,麓山大道二段59号,256㎡,18500,0
恒大天府半岛,住宅,天府新区,天府大道南段2618号,待定,价格待定,0
成都万达1号,住宅,天府新区,天府大道与武汉路交汇,待定,价格待定,0
北京街,商业类,天府新区,华阳街道府河路与南湖路交汇处,48-86㎡,13800,95
海伦印象,住宅,天府新区,华府大道一段(欧尚超市对面）,96-122㎡,价格待定,0
新鸿基悦城,住宅,天府新区,天府大道南段海昌南路99号,272-380㎡,18000,504
融创NANO公馆,住宅,天府新区,益州大道和天府五街交汇处,37-75㎡,17000,0
万科翡翠公园,住宅,天府新区,锦江生态带以西，剑南大道以东,94㎡,15000,0
海伦印象,别墅,天府新区,华府大道一段(欧尚超市对面）,171-256㎡,价格待定,0
蔚蓝卡地亚花园城,别墅,天府新区,正兴镇田家寺村4、5、6组,待定,27241,0
戛纳湾金棕榈,商业类,天府新区,协和下街588号,60㎡,14500,88
成都万达1号,别墅,天府新区,天府大道与武汉路交汇,待定,价格待定,0
洛森堡,底商,天府新区,麓山大道630号,待定,28000,0
心怡中丝园,商业,天府新区,万东路369号,待定,38000,0
北京街,底商,天府新区,华阳街道府河路与南湖路交汇处,待定,30000,0
雅居乐十年雅墅,别墅,天府新区,麓山大道二段19号附7号,待定,16000,0
天府美岸,底商,天府新区,华阳美岸路三段233号,待定,40000,0
蓝润ISC,底商,天府新区,天府大道与华府大道交汇处,待定,65000,0
香山半岛,底商,天府新区,南麓山大道一段289号（南延线麓山大道交汇路口）,待定,39800,0
鑫苑鑫都汇,底商,天府新区,牧华路口（剑南大道与牧华路交汇处）,待定,20000,0
三利麓山城,底商,天府新区,人民南路南延线麓山大道（成都实验外国语旁）,待定,30000,0
金华壹号,底商,天府新区,警校路一段33号(近天府新区警校),待定,36000,0
中德麓府,底商,天府新区,麓山大道二段（新元素奥迪旗舰店旁）,待定,30000,0
海伦印象,底商,天府新区,华府大道一段(欧尚超市对面）,待定,44000,0
蜀南春郡,住宅,天府新区,华阳剑南大道南段1407号,78-93㎡,8600,0
枫丹铂麓,商业类,天府新区,沈阳路（万安体育公园前行500米）,待定,12000,0
融创NANO公馆,商业类,天府新区,益州大道和天府五街交汇处,37-57㎡,100,0
融创玖棠府,住宅,天府新区,武汉路918号（乐盟国际学校旁）,148-180㎡,价格待定,0
海伦天麓,底商,天府新区,海昌南路南侧,待定,40000,0
秦皇帝锦,住宅,天府新区,汉州路999号,91-136㎡,22500,205
中海锦江城,住宅,天府新区,锦江西6路,75-129㎡,14500,187
融创玖棠府,别墅,天府新区,武汉路918号（乐盟国际学校旁）,待定,价格待定,0
北辰南湖香麓,住宅,天府新区,北辰南湖香麓售楼部三楼,130-135㎡,10000,0
美城悦荣府,别墅,天府新区,剑南大道南段333号,待定,价格待定,0
中铁卓越中心,写字楼,天府新区,宁波路东段377号,待定,15000,0
香山半岛,住宅,天府新区,南麓山大道一段289号（南延线麓山大道交汇路口）,140㎡,13000,0
雅居乐十里花巷,住宅,天府新区,麓山大道二段19号附6号,90-131㎡,9500,0
南湖半岛,住宅,天府新区,南湖北路189号,待定,价格待定,0
三利麓山城,住宅,天府新区,人民南路南延线麓山大道（成都实验外国语旁）,83-133㎡,10200,0
戛纳湾金棕榈,住宅,天府新区,协和下街588号,待定,价格待定,0
鑫苑鑫都汇,住宅,天府新区,牧华路口（剑南大道与牧华路交汇处）,待定,价格待定,0
海伦天麓,住宅,天府新区,海昌南路南侧,待定,价格待定,0
万科翡翠公园,商业类,天府新区,锦江生态带以西，剑南大道以东,30-63㎡,13500,44
雅居乐剑桥郡,住宅,天府新区,麓山大道二段19号,90-131㎡,9200,0
海伦天麓,别墅,天府新区,海昌南路南侧,待定,价格待定,0
阳光城半山悦,住宅,天府新区,麓山大道381号(麓山大道入口处左侧),122-159㎡,11355,139
滨江天樾,住宅,天府新区,益州大道与伏龙北巷交汇处,156㎡,15000,0
保利天空之城,别墅,天府新区,兴隆街道罗家店村八组201号,288㎡,18500,576
建发第五大道,商业,天府新区,麓山大道二段,待定,价格待定,0
置富广场,住宅,天府新区,梓州大道置富广场,110-135㎡,11200,0
麓湖生态城,住宅,天府新区,天府大道南一段918号,待定,价格待定,0
中海锦江壹号,住宅,天府新区,锦江西路6号,101-188㎡,14500,146
万科翡翠公园,别墅,天府新区,锦江生态带以西，剑南大道以东,140㎡,20000,0
北辰南湖香麓,别墅,天府新区,锦江路与美岸路交汇处,145㎡,价格待定,0
万科保利翡翠和悦,住宅,天府新区,剑南大道万科保利翡翠和悦,108-138㎡,价格待定,0
三利麓山城,别墅,天府新区,麓山大道（成都实验外国语学校旁）,待定,价格待定,0
中铁诺德壹号YoHo街,商业,天府新区,兴隆湖湖畔路南段,待定,22500,0
建发第五大道,商业类,天府新区,麓山大道二段,78-99㎡,9200,69
建发中央湾区,住宅,天府新区,武汉路西段1533号,113-208㎡,12000,135
蓝润ISC,写字楼,天府新区,天府大道与华府大道交汇处,待定,30000,0
置富广场,商业,天府新区,梓州大道置富广场,待定,27500,0
置富广场,底商,天府新区,梓州大道置富广场,待定,22000,0
合能铂悦华庭,商业类,天府新区,沈阳路东段合能铂悦华庭,114-177㎡,11000,125
万科公园传奇,住宅,天府新区,梓州大道与庐山大道交汇处,待定,价格待定,0
和泓麓江府,商业,天府新区,正兴镇大安路1458号,待定,500,0
雅居乐剑桥郡,底商,天府新区,麓山大道二段19号,待定,9000,0
雅居乐剑桥郡,商业,天府新区,麓山大道二段19号,待定,12000,0
和泓麓江府,底商,天府新区,正兴镇大安路1458号,待定,40000,0
天府万科云城,商业类,天府新区,湖畔路南段818号（天府新区规划馆旁）,待定,16500,0
优品道锦绣,住宅,天府新区,华阳祥鹤西巷125号,135-139㎡,价格待定,0
铁投碧水云天,住宅,天府新区,城市湿地公园旁,待定,价格待定,0
铁投碧水云天,别墅,天府新区,城市湿地公园旁,待定,价格待定,0
远大中央公园商铺,商业,天府新区,南湖大道333号,待定,20000,0
天府公园城商铺,商业,天府新区,老君社区,待定,25000,0
奥园公园府邸,别墅,天府新区,剑南大道南段333号（伊藤高新店南行1500米）,待定,价格待定,0
中海锦江城商铺,商业,天府新区,锦江西6路（华阳新建小学对面）,待定,25000,0
中建华府锦城,商业类,天府新区,南宁路东段中建华府锦城,待定,价格待定,0
优品道锦绣,别墅,天府新区,华阳祥鹤西巷125号,待定,价格待定,0
优品道锦绣,底商,天府新区,华阳祥鹤西巷125号,待定,价格待定,0
蓝润天府MIC,住宅,天府新区,华阳大道273号,待定,价格待定,0
中海锦寓,写字楼,天府新区,祥鹤西街,待定,价格待定,0
首钢蓉璟台,住宅,天府新区,鹤林村五组天府第四中学对面,待定,价格待定,0
戛纳湾金棕榈,写字楼,天府新区,华阳街道协和下街588号,待定,价格待定,0
中海锦江城,商业类,天府新区,锦江西6路,30㎡,12500,38
蓝润天府MIC,商业,天府新区,华阳大道273号,待定,价格待定,0
蓝润天府MIC,底商,天府新区,华阳大道273号,待定,价格待定,0
万科君逸,住宅,天府新区,祥鹤四街万科君逸,待定,价格待定,0
万科保利翡翠和悦,别墅,天府新区,剑南大道万科保利翡翠和悦,270㎡,486,486
中海万锦熙岸,住宅,天府新区,祥鹤四街,待定,20000,0
阳光城半山悦,别墅,天府新区,麓山大道381号(麓山大道入口处左侧),400-1004㎡,685,0
麓岭汇,住宅,天府新区,麓山大道二段,待定,17000,0
奥园公园府邸,住宅,天府新区,剑南大道333号（伊藤高新店南行1500米）,67-134㎡,价格待定,0
天府美岸,住宅,天府新区,华阳美岸路三段233号,待定,16500,0
和贵南山上,别墅,天府新区,天府大道南段2859号,560-614㎡,14000,860
保利锦江里,住宅,天府新区,天府大道与天府五街交汇处（锦江旁）,待定,价格待定,0
保利天空之城,住宅,天府新区,兴隆街道罗家店村八组201号,待定,价格待定,173
龙湖物业滨湖城,住宅,简阳,石盘镇花红大道中段56号,74-128㎡,8500,89
龙湖物业滨湖城,底商,简阳,花红大道龙湖物业滨湖城,待定,22000,0
东城国际(简阳),商业,简阳,东城新区东溪,待定,20000,0
东城国际(简阳),底商,简阳,东城新区东溪,待定,20000,0
九武公馆,住宅,简阳,贾家镇建设路172号,待定,4200,0
京汉新城悦隽江山,住宅,简阳,雄州大道京汉新城.悦隽江山,114-129㎡,9600,114
京汉新城悦隽风华,住宅,简阳,雄州大道京汉新城.悦隽风华,114-134㎡,10000,114
万峰城D区峰景里,住宅,简阳,雄州大道南段万峰城D区峰景里,待定,11150,0
新城悦隽锦城,住宅,简阳,凯力威大道1号,92-101㎡,9300,92
京汉新城悦隽风华,底商,简阳,雄州大道京汉新城.悦隽风华,待定,23000,0
龙湖时代天街,住宅,高新西,合作路89号,待定,8000,0
龙湖时代天街,商业,高新西,合作路89号,待定,28000,0
龙湖时代天街,商业类,高新西,合作路89号,82-105㎡,11380,0
恒大帝景,商业类,高新西,西双柏路6号,待定,6000,0
成都合院一期,别墅,高新西,西源大道1313号,待定,15000,0
金辉悦府,底商,高新西,"百草路778号, 百草路777号",待定,24000,0
成都合院公园里,住宅,高新西,西源大道1311号,待定,价格待定,0
龙湖时代新宸,商业类,高新西,合作路89号,42㎡,8500,0
万景九洲天府,住宅,天府新区南区,天府大道与中建大道交汇处向西200米,89-121㎡,13000,119
天府大学里,住宅,天府新区南区,"兴隆湖南侧视高大学城（成都信息工程大学旁）, 视高镇花海大道一段10号",67-114㎡,11000,74
朗基香颂天府,住宅,天府新区南区,视高产业园区清水镇天府大道60号,107-137㎡,12000,141
天府大学里,底商,天府新区南区,"兴隆湖南侧视高大学城（成都信息工程大学旁）, 视高镇花海大道一段10号",待定,32500,0
朗基香颂天府二期,住宅,天府新区南区,清水镇天府大道60号,87-110㎡,12000,109
蓝光芙蓉天府,住宅,天府新区南区,仁寿大道蓝光芙蓉天府,68-110㎡,9000,86
永兴.滨湖一号,住宅,天府新区南区,天府大道永兴.滨湖一号,95-156㎡,9900,95
美的云溪郡,住宅,天府新区南区,仁寿大道美的云溪郡,104-158㎡,9400,110
美的云溪郡,别墅,天府新区南区,仁寿大道美的云溪郡,146㎡,220,227
朗基香颂天府,底商,天府新区南区,仁寿县视高产业园区清水镇天府大道60号,待定,27000,0
远大聚华天府之南,住宅,天府新区南区,213国道天府大道交汇处北100米,113-139㎡,12000,138
黄龙溪谷,别墅,天府新区南区,剑南大道南延线黄龙大道四段(黄龙古镇旁),195-292㎡,1500,1500
东泰国际,住宅,天府新区南区,永兴路旁（仁寿大道中段政务服务中心旁）,127㎡,8300,0
保利天府南院,住宅,天府新区南区,仁寿县视高镇黑大路,94-106㎡,12000,0
保利天府南院,别墅,天府新区南区,仁寿县视高镇黑大路,126-153㎡,240,0
远大聚华天府南庭,住宅,天府新区南区,仁寿县视高大学城花海大道1号,74-94㎡,16500,132
麓府,住宅,天府新区南区,仁寿县中央商务大道中段,99-136㎡,12000,120
新城悦隽天府,住宅,天府新区南区,视高经济开发区奋勇社区景观大道附近,80-100㎡,14000,138
新城悦隽天府,别墅,天府新区南区,天府大道南延线奋勇社区景观大道附近,125-130㎡,17000,275
德福国际中心,商业类,天府新区南区,视高镇北街186号,30-31㎡,7000,21
新城悦隽天骄,住宅,天府新区南区,新城悦隽天骄,106㎡,12000,127
成信悦城,住宅,天府新区南区,花海大道一段11号,63-87㎡,12600,92
远大聚华天府南庭,底商,天府新区南区,仁寿县视高大学城花海大道1号,待定,19000,0
远大聚华天府南庭,商业,天府新区南区,仁寿县视高大学城花海大道1号,待定,22500,0
金辉优步花园,住宅,天府新区南区,仁寿大道与天府大道交汇处,95-125㎡,9400,92
碧桂园陵江府,住宅,天府新区南区,仁寿大道碧桂园陵江府,140㎡,10500,147
圆中大溪地,住宅,天府新区南区,天府仁寿大道圆中大溪地,80-120㎡,13000,104
圆中大溪地,商业类,天府新区南区,天府仁寿大道圆中大溪地,待定,价格待定,24
永兴·一品,住宅,天府新区南区,迎宾大道永兴.一品,91-113㎡,8250,75
成信悦城,商业,天府新区南区,花海大道一段11号,待定,27500,0
万景九洲天府,住宅,天府新区南区,天府大道与中建大道交汇处向西200米,89-121㎡,13000,119
天府大学里,住宅,天府新区南区,"兴隆湖南侧视高大学城（成都信息工程大学旁）, 视高镇花海大道一段10号",67-114㎡,11000,74
朗基香颂天府,住宅,天府新区南区,视高产业园区清水镇天府大道60号,107-137㎡,12000,141
天府大学里,底商,天府新区南区,"兴隆湖南侧视高大学城（成都信息工程大学旁）, 视高镇花海大道一段10号",待定,32500,0
朗基香颂天府二期,住宅,天府新区南区,清水镇天府大道60号,87-110㎡,12000,109
蓝光芙蓉天府,住宅,天府新区南区,仁寿大道蓝光芙蓉天府,68-110㎡,9000,86
永兴.滨湖一号,住宅,天府新区南区,天府大道永兴.滨湖一号,95-156㎡,9900,95
美的云溪郡,住宅,天府新区南区,仁寿大道美的云溪郡,104-158㎡,9400,110
美的云溪郡,别墅,天府新区南区,仁寿大道美的云溪郡,146㎡,220,227
朗基香颂天府,底商,天府新区南区,仁寿县视高产业园区清水镇天府大道60号,待定,27000,0
远大聚华天府之南,住宅,天府新区南区,213国道天府大道交汇处北100米,113-139㎡,12000,138
黄龙溪谷,别墅,天府新区南区,剑南大道南延线黄龙大道四段(黄龙古镇旁),195-292㎡,1500,1500
东泰国际,住宅,天府新区南区,永兴路旁（仁寿大道中段政务服务中心旁）,127㎡,8300,0
保利天府南院,住宅,天府新区南区,仁寿县视高镇黑大路,94-106㎡,12000,0
保利天府南院,别墅,天府新区南区,仁寿县视高镇黑大路,126-153㎡,240,0
远大聚华天府南庭,住宅,天府新区南区,仁寿县视高大学城花海大道1号,74-94㎡,16500,132
麓府,住宅,天府新区南区,仁寿县中央商务大道中段,99-136㎡,12000,120
新城悦隽天府,住宅,天府新区南区,视高经济开发区奋勇社区景观大道附近,80-100㎡,14000,138
新城悦隽天府,别墅,天府新区南区,天府大道南延线奋勇社区景观大道附近,125-130㎡,17000,275
德福国际中心,商业类,天府新区南区,视高镇北街186号,30-31㎡,7000,21
新城悦隽天骄,住宅,天府新区南区,新城悦隽天骄,106㎡,12000,127
成信悦城,住宅,天府新区南区,花海大道一段11号,63-87㎡,12600,92
远大聚华天府南庭,底商,天府新区南区,仁寿县视高大学城花海大道1号,待定,19000,0
远大聚华天府南庭,商业,天府新区南区,仁寿县视高大学城花海大道1号,待定,22500,0
金辉优步花园,住宅,天府新区南区,仁寿大道与天府大道交汇处,95-125㎡,9400,92
碧桂园陵江府,住宅,天府新区南区,仁寿大道碧桂园陵江府,140㎡,10500,147
圆中大溪地,住宅,天府新区南区,天府仁寿大道圆中大溪地,80-120㎡,13000,104
圆中大溪地,商业类,天府新区南区,天府仁寿大道圆中大溪地,待定,价格待定,24
永兴·一品,住宅,天府新区南区,迎宾大道永兴.一品,91-113㎡,8250,75
成信悦城,商业,天府新区南区,花海大道一段11号,待定,27500,0
万景九洲天府,住宅,天府新区南区,天府大道与中建大道交汇处向西200米,89-121㎡,13000,119
天府大学里,住宅,天府新区南区,"兴隆湖南侧视高大学城（成都信息工程大学旁）, 视高镇花海大道一段10号",67-114㎡,11000,74
朗基香颂天府,住宅,天府新区南区,视高产业园区清水镇天府大道60号,107-137㎡,12000,141
天府大学里,底商,天府新区南区,"兴隆湖南侧视高大学城（成都信息工程大学旁）, 视高镇花海大道一段10号",待定,32500,0
朗基香颂天府二期,住宅,天府新区南区,清水镇天府大道60号,87-110㎡,12000,109
蓝光芙蓉天府,住宅,天府新区南区,仁寿大道蓝光芙蓉天府,68-110㎡,9000,86
永兴.滨湖一号,住宅,天府新区南区,天府大道永兴.滨湖一号,95-156㎡,9900,95
美的云溪郡,住宅,天府新区南区,仁寿大道美的云溪郡,104-158㎡,9400,110
美的云溪郡,别墅,天府新区南区,仁寿大道美的云溪郡,146㎡,220,227
朗基香颂天府,底商,天府新区南区,仁寿县视高产业园区清水镇天府大道60号,待定,27000,0
远大聚华天府之南,住宅,天府新区南区,213国道天府大道交汇处北100米,113-139㎡,12000,138
黄龙溪谷,别墅,天府新区南区,剑南大道南延线黄龙大道四段(黄龙古镇旁),195-292㎡,1500,1500
东泰国际,住宅,天府新区南区,永兴路旁（仁寿大道中段政务服务中心旁）,127㎡,8300,0
保利天府南院,住宅,天府新区南区,仁寿县视高镇黑大路,94-106㎡,12000,0
保利天府南院,别墅,天府新区南区,仁寿县视高镇黑大路,126-153㎡,240,0
远大聚华天府南庭,住宅,天府新区南区,仁寿县视高大学城花海大道1号,74-94㎡,16500,132
麓府,住宅,天府新区南区,仁寿县中央商务大道中段,99-136㎡,12000,120
新城悦隽天府,住宅,天府新区南区,视高经济开发区奋勇社区景观大道附近,80-100㎡,14000,138
新城悦隽天府,别墅,天府新区南区,天府大道南延线奋勇社区景观大道附近,125-130㎡,17000,275
德福国际中心,商业类,天府新区南区,视高镇北街186号,30-31㎡,7000,21
新城悦隽天骄,住宅,天府新区南区,新城悦隽天骄,106㎡,12000,127
成信悦城,住宅,天府新区南区,花海大道一段11号,63-87㎡,12600,92
远大聚华天府南庭,底商,天府新区南区,仁寿县视高大学城花海大道1号,待定,19000,0
远大聚华天府南庭,商业,天府新区南区,仁寿县视高大学城花海大道1号,待定,22500,0
金辉优步花园,住宅,天府新区南区,仁寿大道与天府大道交汇处,95-125㎡,9400,92
碧桂园陵江府,住宅,天府新区南区,仁寿大道碧桂园陵江府,140㎡,10500,147
圆中大溪地,住宅,天府新区南区,天府仁寿大道圆中大溪地,80-120㎡,13000,104
圆中大溪地,商业类,天府新区南区,天府仁寿大道圆中大溪地,待定,价格待定,24
永兴·一品,住宅,天府新区南区,迎宾大道永兴.一品,91-113㎡,8250,75
成信悦城,商业,天府新区南区,花海大道一段11号,待定,27500,0
万景九洲天府,住宅,天府新区南区,天府大道与中建大道交汇处向西200米,89-121㎡,13000,119
天府大学里,住宅,天府新区南区,"兴隆湖南侧视高大学城（成都信息工程大学旁）, 视高镇花海大道一段10号",67-114㎡,11000,74
朗基香颂天府,住宅,天府新区南区,视高产业园区清水镇天府大道60号,107-137㎡,12000,141
天府大学里,底商,天府新区南区,"兴隆湖南侧视高大学城（成都信息工程大学旁）, 视高镇花海大道一段10号",待定,32500,0
朗基香颂天府二期,住宅,天府新区南区,清水镇天府大道60号,87-110㎡,12000,109
蓝光芙蓉天府,住宅,天府新区南区,仁寿大道蓝光芙蓉天府,68-110㎡,9000,86
永兴.滨湖一号,住宅,天府新区南区,天府大道永兴.滨湖一号,95-156㎡,9900,95
美的云溪郡,住宅,天府新区南区,仁寿大道美的云溪郡,104-158㎡,9400,110
美的云溪郡,别墅,天府新区南区,仁寿大道美的云溪郡,146㎡,220,227
朗基香颂天府,底商,天府新区南区,仁寿县视高产业园区清水镇天府大道60号,待定,27000,0
万景九洲天府,住宅,天府新区南区,天府大道与中建大道交汇处向西200米,89-121㎡,13000,119
天府大学里,住宅,天府新区南区,"兴隆湖南侧视高大学城（成都信息工程大学旁）, 视高镇花海大道一段10号",67-114㎡,11000,74
朗基香颂天府,住宅,天府新区南区,视高产业园区清水镇天府大道60号,107-137㎡,12000,141
天府大学里,底商,天府新区南区,"兴隆湖南侧视高大学城（成都信息工程大学旁）, 视高镇花海大道一段10号",待定,32500,0
朗基香颂天府二期,住宅,天府新区南区,清水镇天府大道60号,87-110㎡,12000,109
蓝光芙蓉天府,住宅,天府新区南区,仁寿大道蓝光芙蓉天府,68-110㎡,9000,86
永兴.滨湖一号,住宅,天府新区南区,天府大道永兴.滨湖一号,95-156㎡,9900,95
美的云溪郡,住宅,天府新区南区,仁寿大道美的云溪郡,104-158㎡,9400,110
美的云溪郡,别墅,天府新区南区,仁寿大道美的云溪郡,146㎡,220,227
朗基香颂天府,底商,天府新区南区,仁寿县视高产业园区清水镇天府大道60号,待定,27000,0
远大聚华天府之南,住宅,天府新区南区,213国道天府大道交汇处北100米,113-139㎡,12000,138
黄龙溪谷,别墅,天府新区南区,剑南大道南延线黄龙大道四段(黄龙古镇旁),195-292㎡,1500,1500
东泰国际,住宅,天府新区南区,永兴路旁（仁寿大道中段政务服务中心旁）,127㎡,8300,0
保利天府南院,住宅,天府新区南区,仁寿县视高镇黑大路,94-106㎡,12000,0
保利天府南院,别墅,天府新区南区,仁寿县视高镇黑大路,126-153㎡,240,0
远大聚华天府南庭,住宅,天府新区南区,仁寿县视高大学城花海大道1号,74-94㎡,16500,132
麓府,住宅,天府新区南区,仁寿县中央商务大道中段,99-136㎡,12000,120
新城悦隽天府,住宅,天府新区南区,视高经济开发区奋勇社区景观大道附近,80-100㎡,14000,138
新城悦隽天府,别墅,天府新区南区,天府大道南延线奋勇社区景观大道附近,125-130㎡,17000,275
德福国际中心,商业类,天府新区南区,视高镇北街186号,30-31㎡,7000,21
新城悦隽天骄,住宅,天府新区南区,新城悦隽天骄,106㎡,12000,127
成信悦城,住宅,天府新区南区,花海大道一段11号,63-87㎡,12600,92
远大聚华天府南庭,底商,天府新区南区,仁寿县视高大学城花海大道1号,待定,19000,0
远大聚华天府南庭,商业,天府新区南区,仁寿县视高大学城花海大道1号,待定,22500,0
金辉优步花园,住宅,天府新区南区,仁寿大道与天府大道交汇处,95-125㎡,9400,92
碧桂园陵江府,住宅,天府新区南区,仁寿大道碧桂园陵江府,140㎡,10500,147
圆中大溪地,住宅,天府新区南区,天府仁寿大道圆中大溪地,80-120㎡,13000,104
圆中大溪地,商业类,天府新区南区,天府仁寿大道圆中大溪地,待定,价格待定,24
永兴·一品,住宅,天府新区南区,迎宾大道永兴.一品,91-113㎡,8250,75
成信悦城,商业,天府新区南区,花海大道一段11号,待定,27500,0
铁投天府桃源,住宅,天府新区南区,兰磨线铁投天府桃源,108㎡,10500,113
保利仁里,住宅,天府新区南区,仁寿县文林镇陵州大道与怀仁大道交叉口,115-117㎡,10000,115
保利仁里,别墅,天府新区南区,仁寿县文林镇陵州大道与怀仁大道交叉口,142-143㎡,12500,178
天府云城,住宅,天府新区南区,天府大道天府云城,73-93㎡,12500,91
天府金融港,住宅,天府新区南区,天府大道天府金融港,110-130㎡,13000,143
朗基香颂天府二期,别墅,天府新区南区,清水镇天府大道60号,138-140㎡,18000,248
